TIMESTAMP,H2O19091_OPEN_PRICE_USD,H2O19091_HIGH_PRICE_USD,H2O19091_LOW_PRICE_USD,H2O19091_CLOSE_PRICE_USD,H2O19091_VOLUME_USD,H2O19091_DIVIDENDS_USD,H2O19091_STOCK_SPLITS_USD
2022-03-27 00:00:00+00:00,0.29149898886680603,0.3051609992980957,0.26009899377822876,0.2677629888057709,20750695,0.0,0.0
2022-03-28 00:00:00+00:00,0.26823699474334717,0.29344698786735535,0.22607700526714325,0.2602570056915283,16127589,0.0,0.0
2022-03-29 00:00:00+00:00,0.2603299915790558,0.2679539918899536,0.21130399405956268,0.2250940054655075,18427048,0.0,0.0
2022-03-30 00:00:00+00:00,0.22507299482822418,0.22524699568748474,0.19731999933719635,0.20006200671195984,16384520,0.0,0.0
2022-03-31 00:00:00+00:00,0.20005899667739868,0.2051980048418045,0.17005200684070587,0.17538100481033325,9957390,0.0,0.0
2022-04-01 00:00:00+00:00,0.17538200318813324,0.2590959966182709,0.14985300600528717,0.2541539967060089,9789894,0.0,0.0
2022-04-02 00:00:00+00:00,0.25438401103019714,0.2546440064907074,0.20677800476551056,0.2335910052061081,12995572,0.0,0.0
2022-04-03 00:00:00+00:00,0.23359400033950806,0.3233650028705597,0.23359400033950806,0.28502899408340454,10194692,0.0,0.0
2022-04-04 00:00:00+00:00,0.28666600584983826,0.3090820014476776,0.27907899022102356,0.3050679862499237,19167540,0.0,0.0
2022-04-05 00:00:00+00:00,0.3050670027732849,0.4116640090942383,0.2833870053291321,0.29257699847221375,15746306,0.0,0.0
2022-04-06 00:00:00+00:00,0.292603999376297,0.3297800123691559,0.2825370132923126,0.28662899136543274,17958193,0.0,0.0
2022-04-07 00:00:00+00:00,0.2857399880886078,0.30382099747657776,0.27139899134635925,0.2723489999771118,17110722,0.0,0.0
2022-04-08 00:00:00+00:00,0.2701759934425354,0.28449299931526184,0.22421100735664368,0.2373639941215515,15936691,0.0,0.0
2022-04-09 00:00:00+00:00,0.2373639941215515,0.30440598726272583,0.22074399888515472,0.2875860035419464,13630698,0.0,0.0
2022-04-10 00:00:00+00:00,0.2875019907951355,0.36383599042892456,0.2860119938850403,0.31755301356315613,16019534,0.0,0.0
2022-04-11 00:00:00+00:00,0.31671398878097534,0.36888301372528076,0.30063700675964355,0.324629008769989,19093553,0.0,0.0
2022-04-12 00:00:00+00:00,0.32594698667526245,0.3270449936389923,0.30506598949432373,0.30722299218177795,8266636,0.0,0.0
2022-04-13 00:00:00+00:00,0.30722498893737793,0.32737699151039124,0.30527499318122864,0.32082399725914,9724125,0.0,0.0
2022-04-14 00:00:00+00:00,0.3210510015487671,0.3271450102329254,0.3054949939250946,0.31157198548316956,16833858,0.0,0.0
2022-04-15 00:00:00+00:00,0.31136301159858704,0.3778040111064911,0.31134700775146484,0.37029099464416504,19027530,0.0,0.0
2022-04-16 00:00:00+00:00,0.37029001116752625,0.3942579925060272,0.35331401228904724,0.35770899057388306,14764299,0.0,0.0
2022-04-17 00:00:00+00:00,0.3577069938182831,0.4201210141181946,0.35214999318122864,0.409074991941452,17436624,0.0,0.0
2022-04-18 00:00:00+00:00,0.4097509980201721,0.48455899953842163,0.38810300827026367,0.4656200110912323,21133089,0.0,0.0
2022-04-19 00:00:00+00:00,0.4683249890804291,0.5707610249519348,0.4429509937763214,0.5500069856643677,28521949,0.0,0.0
2022-04-20 00:00:00+00:00,0.5497410297393799,0.6460890173912048,0.517195999622345,0.611965000629425,25806138,0.0,0.0
2022-04-21 00:00:00+00:00,0.6113830208778381,0.742572009563446,0.6017580032348633,0.6803330183029175,34358950,0.0,0.0
2022-04-22 00:00:00+00:00,0.6824120283126831,0.718517005443573,0.660181999206543,0.680413007736206,31409807,0.0,0.0
2022-04-23 00:00:00+00:00,0.680079996585846,0.8451420068740845,0.6684380173683167,0.8394370079040527,45078158,0.0,0.0
2022-04-24 00:00:00+00:00,0.8399059772491455,0.8862119913101196,0.7410629987716675,0.8590779900550842,29339123,0.0,0.0
2022-04-25 00:00:00+00:00,0.8620479702949524,0.8792799711227417,0.6168419718742371,0.7617560029029846,6442897,0.0,0.0
2022-04-26 00:00:00+00:00,0.7623019814491272,0.8466010093688965,0.7083950042724609,0.7730799913406372,10949363,0.0,0.0
2022-04-27 00:00:00+00:00,0.7730699777603149,0.7935680150985718,0.5356760025024414,0.5756170153617859,5833929,0.0,0.0
2022-04-28 00:00:00+00:00,0.5750049948692322,0.594573974609375,0.49699100852012634,0.5096979737281799,759518,0.0,0.0
2022-04-29 00:00:00+00:00,0.5097029805183411,0.5491179823875427,0.4434800148010254,0.5432590246200562,2988817,0.0,0.0
2022-04-30 00:00:00+00:00,0.5461990237236023,0.6858069896697998,0.5182669758796692,0.6045309901237488,3644625,0.0,0.0
2022-05-01 00:00:00+00:00,0.5964459776878357,0.620078980922699,0.5110849738121033,0.584909975528717,532287,0.0,0.0
2022-05-02 00:00:00+00:00,0.5849030017852783,0.7450940012931824,0.5768510103225708,0.6873360276222229,492597,0.0,0.0
2022-05-03 00:00:00+00:00,0.6877210140228271,0.7628160119056702,0.6731439828872681,0.7464420199394226,284452,0.0,0.0
2022-05-04 00:00:00+00:00,0.7464240193367004,0.7750200033187866,0.6863970160484314,0.6953660249710083,209753,0.0,0.0
2022-05-05 00:00:00+00:00,0.6953669786453247,0.9200729727745056,0.6833670139312744,0.9000009894371033,1365441,0.0,0.0
2022-05-06 00:00:00+00:00,0.9000020027160645,0.9083690047264099,0.5634369850158691,0.6054159998893738,1832159,0.0,0.0
2022-05-07 00:00:00+00:00,0.6074879765510559,0.6188799738883972,0.5693830251693726,0.601652979850769,766829,0.0,0.0
2022-05-08 00:00:00+00:00,0.6011769771575928,0.6111019849777222,0.5619879961013794,0.5637630224227905,5072287,0.0,0.0
2022-05-09 00:00:00+00:00,0.5638669729232788,0.6255800127983093,0.5451650023460388,0.6071509718894958,22696021,0.0,0.0
2022-05-10 00:00:00+00:00,0.6036700010299683,0.7025319933891296,0.5541489720344543,0.5988060235977173,38831078,0.0,0.0
2022-05-11 00:00:00+00:00,0.5981169939041138,0.634768009185791,0.4903149902820587,0.5353019833564758,39153333,0.0,0.0
2022-05-12 00:00:00+00:00,0.5136839747428894,0.6044930219650269,0.31442001461982727,0.5810539722442627,16260217,0.0,0.0
2022-05-13 00:00:00+00:00,0.5824459791183472,0.6225360035896301,0.5572090148925781,0.6034370064735413,10577218,0.0,0.0
2022-05-14 00:00:00+00:00,0.6014019846916199,0.619642972946167,0.588441014289856,0.5994750261306763,9438104,0.0,0.0
2022-05-15 00:00:00+00:00,0.5995439887046814,0.6157169938087463,0.5793409943580627,0.6025739908218384,8694359,0.0,0.0
2022-05-16 00:00:00+00:00,0.6011329889297485,0.6157820224761963,0.5933380126953125,0.599702000617981,9749614,0.0,0.0
2022-05-17 00:00:00+00:00,0.5991690158843994,0.6113029718399048,0.5877249836921692,0.5982469916343689,20653459,0.0,0.0
2022-05-18 00:00:00+00:00,0.5978469848632812,0.6103910207748413,0.583603024482727,0.5977759957313538,19991473,0.0,0.0
2022-05-19 00:00:00+00:00,0.5986670255661011,0.6063060164451599,0.5926539897918701,0.6008639931678772,24183691,0.0,0.0
2022-05-20 00:00:00+00:00,0.6011080145835876,0.6043519973754883,0.5935479998588562,0.5999029874801636,23988905,0.0,0.0
2022-05-21 00:00:00+00:00,0.5999810099601746,0.6031399965286255,0.594897985458374,0.6002029776573181,21093627,0.0,0.0
2022-05-22 00:00:00+00:00,0.6001859903335571,0.6020240187644958,0.5910810232162476,0.5941640138626099,18105940,0.0,0.0
2022-05-23 00:00:00+00:00,0.5935909748077393,0.6030200123786926,0.5927760004997253,0.5976229906082153,6043413,0.0,0.0
2022-05-24 00:00:00+00:00,0.5975990295410156,0.5982499718666077,0.5428869724273682,0.572996973991394,979872,0.0,0.0
2022-05-25 00:00:00+00:00,0.5729889869689941,0.6139529943466187,0.559918999671936,0.5993490219116211,3743964,0.0,0.0
2022-05-26 00:00:00+00:00,0.5949559807777405,0.6018310189247131,0.5766040086746216,0.5976549983024597,38639,0.0,0.0
2022-05-27 00:00:00+00:00,0.597616970539093,0.6096010208129883,0.5874329805374146,0.5995830297470093,2270735,0.0,0.0
2022-05-28 00:00:00+00:00,0.6162570118904114,0.6412910223007202,0.5973330140113831,0.6209030151367188,89110,0.0,0.0
2022-05-29 00:00:00+00:00,0.6209089756011963,0.8887230157852173,0.6051040291786194,0.8177779912948608,1514721,0.0,0.0
2022-05-30 00:00:00+00:00,0.8370770215988159,0.8370770215988159,0.6099240183830261,0.6703180074691772,1004531,0.0,0.0
2022-05-31 00:00:00+00:00,0.670337975025177,0.7582510113716125,0.5987880229949951,0.6134709715843201,936916,0.0,0.0
2022-06-01 00:00:00+00:00,0.6134139895439148,0.8087689876556396,0.6028910279273987,0.7550240159034729,401033,0.0,0.0
2022-06-02 00:00:00+00:00,0.755711019039154,1.3563990592956543,0.7314329743385315,0.773760974407196,3239976,0.0,0.0
2022-06-03 00:00:00+00:00,0.7737450003623962,0.8260040283203125,0.7120100259780884,0.7941640019416809,4224187,0.0,0.0
2022-06-04 00:00:00+00:00,0.7941510081291199,0.8213070034980774,0.7674030065536499,0.7939659953117371,1871690,0.0,0.0
2022-06-05 00:00:00+00:00,0.7939630150794983,0.8016510009765625,0.7548019886016846,0.7996879816055298,1714596,0.0,0.0
2022-06-06 00:00:00+00:00,0.7996789813041687,0.817766010761261,0.7682459950447083,0.7934030294418335,1819354,0.0,0.0
2022-06-07 00:00:00+00:00,0.79339200258255,0.8284599781036377,0.7860919833183289,0.7929180264472961,1695456,0.0,0.0
2022-06-08 00:00:00+00:00,0.7929189801216125,0.8960049748420715,0.7713609933853149,0.7872849702835083,70281,0.0,0.0
2022-06-09 00:00:00+00:00,0.7872920036315918,0.8415070176124573,0.7648249864578247,0.7947739958763123,1650892,0.0,0.0
2022-06-10 00:00:00+00:00,0.7948049902915955,0.8193280100822449,0.7517160177230835,0.791251003742218,3167051,0.0,0.0
2022-06-11 00:00:00+00:00,0.7912529706954956,0.8001819849014282,0.784850001335144,0.7986149787902832,1902100,0.0,0.0
2022-06-12 00:00:00+00:00,0.7986059784889221,0.8001570105552673,0.7606250047683716,0.7609109878540039,24630,0.0,0.0
2022-06-13 00:00:00+00:00,0.760906994342804,0.7988759875297546,0.7572140097618103,0.7985140085220337,912983,0.0,0.0
2022-06-14 00:00:00+00:00,0.7958379983901978,0.8083620071411133,0.7750089764595032,0.8004239797592163,822166,0.0,0.0
2022-06-15 00:00:00+00:00,0.8004090189933777,0.8005819916725159,0.7507280111312866,0.7509899735450745,732045,0.0,0.0
2022-06-16 00:00:00+00:00,0.7509750127792358,0.8149459958076477,0.7082589864730835,0.7667930126190186,71847,0.0,0.0
2022-06-17 00:00:00+00:00,0.7668089866638184,0.7752969861030579,0.6858279705047607,0.7025150060653687,818804,0.0,0.0
2022-06-18 00:00:00+00:00,0.7025020122528076,0.7087910175323486,0.6246230006217957,0.6341140270233154,712535,0.0,0.0
2022-06-19 00:00:00+00:00,0.6341069936752319,0.640330970287323,0.6065919995307922,0.6122570037841797,18178,0.0,0.0
2022-06-20 00:00:00+00:00,0.611981987953186,0.7407609820365906,0.5986949801445007,0.6316400170326233,913537,0.0,0.0
2022-06-21 00:00:00+00:00,0.6316760182380676,0.649387001991272,0.5498200058937073,0.5714960098266602,797972,0.0,0.0
2022-06-22 00:00:00+00:00,0.5714960098266602,0.8668659925460815,0.5463470220565796,0.5599250197410583,1208282,0.0,0.0
2022-06-23 00:00:00+00:00,0.5599250197410583,0.65277099609375,0.5597689747810364,0.6010689735412598,829977,0.0,0.0
2022-06-24 00:00:00+00:00,0.6010569930076599,0.6085879802703857,0.5676689743995667,0.5850909948348999,835088,0.0,0.0
2022-06-25 00:00:00+00:00,0.5850980281829834,0.5892959833145142,0.5721110105514526,0.5721880197525024,586200,0.0,0.0
2022-06-26 00:00:00+00:00,0.57218998670578,0.5905129909515381,0.5691630244255066,0.5904769897460938,439031,0.0,0.0
2022-06-27 00:00:00+00:00,0.5905140042304993,0.6051629781723022,0.5797299742698669,0.5949820280075073,628480,0.0,0.0
2022-06-28 00:00:00+00:00,0.594989001750946,0.5999360084533691,0.5858539938926697,0.5904390215873718,642155,0.0,0.0
2022-06-29 00:00:00+00:00,0.5904470086097717,0.6053529977798462,0.568979024887085,0.5899050235748291,497266,0.0,0.0
2022-06-30 00:00:00+00:00,0.5899069905281067,0.5899559855461121,0.4893980026245117,0.5733749866485596,449738,0.0,0.0
2022-07-01 00:00:00+00:00,0.5734000205993652,0.590004026889801,0.5700029730796814,0.5838379859924316,448380,0.0,0.0
2022-07-02 00:00:00+00:00,0.5838310122489929,0.5899509787559509,0.5755890011787415,0.589900016784668,430358,0.0,0.0
2022-07-03 00:00:00+00:00,0.589896023273468,0.6001039743423462,0.5839909911155701,0.5897830128669739,392722,0.0,0.0
2022-07-04 00:00:00+00:00,0.5897790193557739,0.6009860038757324,0.5896109938621521,0.6000639796257019,960756,0.0,0.0
2022-07-05 00:00:00+00:00,0.6000699996948242,0.6062290072441101,0.5763649940490723,0.5989609956741333,363619,0.0,0.0
2022-07-06 00:00:00+00:00,0.5989639759063721,0.604640007019043,0.5949010252952576,0.6045699715614319,687820,0.0,0.0
2022-07-07 00:00:00+00:00,0.6044800281524658,0.6091930270195007,0.5869619846343994,0.5909669995307922,259713,0.0,0.0
2022-07-08 00:00:00+00:00,0.5909469723701477,0.6064450144767761,0.5902690291404724,0.5913069844245911,327662,0.0,0.0
2022-07-09 00:00:00+00:00,0.5913100242614746,0.6022449731826782,0.5809320211410522,0.5810800194740295,368255,0.0,0.0
2022-07-10 00:00:00+00:00,0.581076979637146,0.5997710227966309,0.5666080117225647,0.5885350108146667,258865,0.0,0.0
2022-07-11 00:00:00+00:00,0.5885300040245056,0.5906850099563599,0.577252984046936,0.5819460153579712,258742,0.0,0.0
2022-07-12 00:00:00+00:00,0.5819470286369324,0.5967890024185181,0.5819010138511658,0.5845900177955627,549345,0.0,0.0
2022-07-13 00:00:00+00:00,0.5845890045166016,0.5987020134925842,0.5761280059814453,0.5941510200500488,33959,0.0,0.0
2022-07-14 00:00:00+00:00,0.5941569805145264,0.5941569805145264,0.5519940257072449,0.5791059732437134,275869,0.0,0.0
2022-07-15 00:00:00+00:00,0.5790929794311523,0.6003689765930176,0.5686119794845581,0.5865899920463562,612543,0.0,0.0
2022-07-16 00:00:00+00:00,0.5865179896354675,0.6004830002784729,0.5781369805335999,0.6003760099411011,278928,0.0,0.0
2022-07-17 00:00:00+00:00,0.6003789901733398,0.6003919839859009,0.5899569988250732,0.5997480154037476,22328,0.0,0.0
2022-07-18 00:00:00+00:00,0.5997430086135864,0.6047660112380981,0.5844339728355408,0.5940880179405212,508234,0.0,0.0
2022-07-19 00:00:00+00:00,0.5941879749298096,0.6002269983291626,0.5897499918937683,0.5939229726791382,434821,0.0,0.0
2022-07-20 00:00:00+00:00,0.5939249992370605,0.6000360250473022,0.5852770209312439,0.5954920053482056,406735,0.0,0.0
2022-07-21 00:00:00+00:00,0.5954830050468445,0.5958809852600098,0.5817710161209106,0.5824800133705139,287472,0.0,0.0
2022-07-22 00:00:00+00:00,0.5824810266494751,0.5966780185699463,0.5824609994888306,0.5941010117530823,266876,0.0,0.0
2022-07-23 00:00:00+00:00,0.5941010117530823,0.6002359986305237,0.5799940228462219,0.586920976638794,256923,0.0,0.0
2022-07-24 00:00:00+00:00,0.5869200229644775,0.6093289852142334,0.5868989825248718,0.5999209880828857,376321,0.0,0.0
2022-07-25 00:00:00+00:00,0.5999230146408081,0.6093720197677612,0.5848180055618286,0.5966370105743408,234923,0.0,0.0
2022-07-26 00:00:00+00:00,0.5966399908065796,0.6296529769897461,0.5905010104179382,0.5960279703140259,416447,0.0,0.0
2022-07-27 00:00:00+00:00,0.5960289835929871,0.6001970171928406,0.5818020105361938,0.600163996219635,204780,0.0,0.0
2022-07-28 00:00:00+00:00,0.6001729965209961,0.6010869741439819,0.5794219970703125,0.5908430218696594,370252,0.0,0.0
2022-07-29 00:00:00+00:00,0.5908460021018982,0.594402015209198,0.5751760005950928,0.5847100019454956,431465,0.0,0.0
2022-07-30 00:00:00+00:00,0.5847089886665344,0.6867390275001526,0.5846660137176514,0.6010730266571045,337941,0.0,0.0
2022-07-31 00:00:00+00:00,0.6010680198669434,0.6048099994659424,0.5921519994735718,0.5975599884986877,369133,0.0,0.0
2022-08-01 00:00:00+00:00,0.597557008266449,0.6109139919281006,0.5962910056114197,0.601626992225647,522194,0.0,0.0
2022-08-02 00:00:00+00:00,0.6016309857368469,0.6131860017776489,0.5943089723587036,0.6022909879684448,433931,0.0,0.0
2022-08-03 00:00:00+00:00,0.6024119853973389,0.6243730187416077,0.598065972328186,0.6081600189208984,466274,0.0,0.0
2022-08-04 00:00:00+00:00,0.608161985874176,0.6157130002975464,0.6056910157203674,0.607649028301239,334268,0.0,0.0
2022-08-05 00:00:00+00:00,0.6076340079307556,0.6100940108299255,0.5869989991188049,0.6026570200920105,597768,0.0,0.0
2022-08-06 00:00:00+00:00,0.602645993232727,0.607433021068573,0.5874050259590149,0.6013090014457703,501576,0.0,0.0
2022-08-07 00:00:00+00:00,0.6013100147247314,0.6103330254554749,0.589576005935669,0.6085829734802246,410170,0.0,0.0
2022-08-08 00:00:00+00:00,0.6085919737815857,0.6226549744606018,0.5947110056877136,0.6130719780921936,447375,0.0,0.0
2022-08-09 00:00:00+00:00,0.6130669713020325,0.6137290000915527,0.5983610153198242,0.6020870208740234,509647,0.0,0.0
2022-08-10 00:00:00+00:00,0.6020839810371399,0.6076340079307556,0.5985029935836792,0.6032559871673584,475630,0.0,0.0
2022-08-11 00:00:00+00:00,0.6031550168991089,0.6035879850387573,0.5951939821243286,0.5966209769248962,625738,0.0,0.0
2022-08-12 00:00:00+00:00,0.5965960025787354,0.603227972984314,0.5885369777679443,0.5983830094337463,484662,0.0,0.0
2022-08-13 00:00:00+00:00,0.5983870029449463,0.605970025062561,0.593209981918335,0.5998839735984802,406112,0.0,0.0
2022-08-14 00:00:00+00:00,0.5999060273170471,0.6031929850578308,0.5873370170593262,0.5948659777641296,702805,0.0,0.0
2022-08-15 00:00:00+00:00,0.5948600172996521,0.6009870171546936,0.5904269814491272,0.5950279831886292,665406,0.0,0.0
2022-08-16 00:00:00+00:00,0.5950250029563904,0.6014549732208252,0.5818349719047546,0.5819169878959656,512344,0.0,0.0
2022-08-17 00:00:00+00:00,0.5819219946861267,0.5922510027885437,0.5801180005073547,0.5805469751358032,334047,0.0,0.0
2022-08-18 00:00:00+00:00,0.5805469751358032,0.5924490094184875,0.5800690054893494,0.5867199897766113,713817,0.0,0.0
2022-08-19 00:00:00+00:00,0.5867149829864502,0.5967289805412292,0.5832729935646057,0.5835369825363159,830497,0.0,0.0
2022-08-20 00:00:00+00:00,0.583532989025116,0.5949029922485352,0.5831530094146729,0.5833789706230164,526535,0.0,0.0
2022-08-21 00:00:00+00:00,0.5833780169487,0.5958960056304932,0.5801510214805603,0.5878999829292297,923678,0.0,0.0
2022-08-22 00:00:00+00:00,0.5879030227661133,0.59409099817276,0.5837370157241821,0.5937939882278442,367890,0.0,0.0
2022-08-23 00:00:00+00:00,0.5937929749488831,0.5939159989356995,0.5796949863433838,0.585777997970581,365655,0.0,0.0
2022-08-24 00:00:00+00:00,0.585777997970581,0.5881519913673401,0.5805410146713257,0.5808600187301636,449152,0.0,0.0
2022-08-25 00:00:00+00:00,0.58085697889328,0.5860549807548523,0.5706679821014404,0.57156902551651,285655,0.0,0.0
2022-08-26 00:00:00+00:00,0.5709739923477173,0.5779849886894226,0.5653979778289795,0.5660359859466553,357561,0.0,0.0
2022-08-27 00:00:00+00:00,0.5660359859466553,0.5844020247459412,0.5650650262832642,0.5794360041618347,1070492,0.0,0.0
2022-08-28 00:00:00+00:00,0.5795189738273621,0.581616997718811,0.5784329771995544,0.5798199772834778,335479,0.0,0.0
2022-08-29 00:00:00+00:00,0.579833984375,0.5803359746932983,0.5661470293998718,0.5697550177574158,124761,0.0,0.0
2022-08-30 00:00:00+00:00,0.5697609782218933,0.5697739720344543,0.5188760161399841,0.5294679999351501,687959,0.0,0.0
2022-08-31 00:00:00+00:00,0.5294740200042725,0.5295860171318054,0.4725230038166046,0.4901759922504425,17205,0.0,0.0
2022-09-01 00:00:00+00:00,0.4901750087738037,0.49088600277900696,0.37821099162101746,0.42639899253845215,35626,0.0,0.0
2022-09-02 00:00:00+00:00,0.4264029860496521,0.4363369941711426,0.39488500356674194,0.39488500356674194,21889,0.0,0.0
2022-09-03 00:00:00+00:00,0.39458000659942627,0.43063199520111084,0.3445959985256195,0.4121840000152588,269957,0.0,0.0
2022-09-04 00:00:00+00:00,0.41218599677085876,0.42148301005363464,0.35412201285362244,0.3830699920654297,148114,0.0,0.0
2022-09-05 00:00:00+00:00,0.3830749988555908,0.4307129979133606,0.29114198684692383,0.296440988779068,75169,0.0,0.0
2022-09-06 00:00:00+00:00,0.296438992023468,0.3035160005092621,0.266745001077652,0.2920919954776764,218217,0.0,0.0
2022-09-07 00:00:00+00:00,0.29207998514175415,0.3001990020275116,0.2834239900112152,0.2947179973125458,239923,0.0,0.0
2022-09-08 00:00:00+00:00,0.29482001066207886,0.2991600036621094,0.2863689959049225,0.2936449944972992,12847,0.0,0.0
2022-09-09 00:00:00+00:00,0.2936429977416992,0.29367300868034363,0.2836039960384369,0.2854290008544922,13326,0.0,0.0
2022-09-10 00:00:00+00:00,0.28686800599098206,0.2964009940624237,0.27934199571609497,0.28756698966026306,15546,0.0,0.0
2022-09-11 00:00:00+00:00,0.28756698966026306,0.30118700861930847,0.28756698966026306,0.2958280146121979,17537,0.0,0.0
2022-09-12 00:00:00+00:00,0.29582899808883667,0.303303986787796,0.2918590009212494,0.29914599657058716,14160,0.0,0.0
2022-09-13 00:00:00+00:00,0.2991339862346649,0.29923999309539795,0.2890389859676361,0.29695799946784973,131632,0.0,0.0
2022-09-14 00:00:00+00:00,0.29688701033592224,0.29736199975013733,0.2896220088005066,0.2917639911174774,274201,0.0,0.0
2022-09-15 00:00:00+00:00,0.29176199436187744,0.2944830060005188,0.2842339873313904,0.28508898615837097,358154,0.0,0.0
2022-09-16 00:00:00+00:00,0.28508898615837097,0.2895919978618622,0.28422999382019043,0.28583699464797974,136268,0.0,0.0
2022-09-17 00:00:00+00:00,0.28589001297950745,0.2963930070400238,0.2855840027332306,0.2963399887084961,204163,0.0,0.0
2022-09-18 00:00:00+00:00,0.2963370084762573,0.3151409924030304,0.2887119948863983,0.29806798696517944,48903,0.0,0.0
2022-09-19 00:00:00+00:00,0.2980630099773407,0.30034101009368896,0.2874850034713745,0.2918669879436493,139556,0.0,0.0
2022-09-20 00:00:00+00:00,0.2918660044670105,0.45587098598480225,0.2918570041656494,0.3057839870452881,351793,0.0,0.0
2022-09-21 00:00:00+00:00,0.30579501390457153,0.3166469931602478,0.28464800119400024,0.30585798621177673,339421,0.0,0.0
2022-09-22 00:00:00+00:00,0.30586299300193787,0.31423598527908325,0.29016101360321045,0.2940579950809479,205488,0.0,0.0
2022-09-23 00:00:00+00:00,0.29406100511550903,0.3946389853954315,0.2773970067501068,0.30976301431655884,326612,0.0,0.0
2022-09-24 00:00:00+00:00,0.30976399779319763,0.317315012216568,0.2828879952430725,0.28488901257514954,206517,0.0,0.0
2022-09-25 00:00:00+00:00,0.28488999605178833,0.3022179901599884,0.27276501059532166,0.2921609878540039,276576,0.0,0.0
2022-09-26 00:00:00+00:00,0.29215899109840393,0.2973499894142151,0.2854689955711365,0.294869989156723,70744,0.0,0.0
2022-09-27 00:00:00+00:00,0.29486799240112305,0.30365198850631714,0.2905150055885315,0.2964490056037903,142647,0.0,0.0
2022-09-28 00:00:00+00:00,0.2964490056037903,0.30111899971961975,0.29024600982666016,0.2958639860153198,124217,0.0,0.0
2022-09-29 00:00:00+00:00,0.29587000608444214,0.29771101474761963,0.287665992975235,0.2931469976902008,103723,0.0,0.0
2022-09-30 00:00:00+00:00,0.293146014213562,0.29978400468826294,0.29055801033973694,0.29283300042152405,64315,0.0,0.0
2022-10-01 00:00:00+00:00,0.2928360104560852,0.29772600531578064,0.29082098603248596,0.2908309996128082,71493,0.0,0.0
2022-10-02 00:00:00+00:00,0.2908320128917694,0.3039880096912384,0.2871280014514923,0.2999989986419678,114801,0.0,0.0
2022-10-03 00:00:00+00:00,0.2999979853630066,0.31967899203300476,0.29060599207878113,0.29345300793647766,76567,0.0,0.0
2022-10-04 00:00:00+00:00,0.29345399141311646,0.3006170094013214,0.2861259877681732,0.2971769869327545,134564,0.0,0.0
2022-10-05 00:00:00+00:00,0.2971769869327545,0.39330199360847473,0.29713699221611023,0.3119310140609741,204784,0.0,0.0
2022-10-06 00:00:00+00:00,0.31193000078201294,0.3134689927101135,0.2917180061340332,0.2980850040912628,101403,0.0,0.0
2022-10-07 00:00:00+00:00,0.2980799973011017,0.30931800603866577,0.286857008934021,0.29958099126815796,88039,0.0,0.0
2022-10-08 00:00:00+00:00,0.29958200454711914,0.29966500401496887,0.2862800061702728,0.29472699761390686,172494,0.0,0.0
2022-10-09 00:00:00+00:00,0.2947250008583069,0.3017759919166565,0.2872929871082306,0.289995014667511,81594,0.0,0.0
2022-10-10 00:00:00+00:00,0.289995014667511,0.2998160123825073,0.2899860143661499,0.2963480055332184,145762,0.0,0.0
2022-10-11 00:00:00+00:00,0.2963449954986572,0.3010160028934479,0.29142600297927856,0.2962779998779297,148525,0.0,0.0
2022-10-12 00:00:00+00:00,0.2962839901447296,0.33482998609542847,0.2920069992542267,0.2920190095901489,151110,0.0,0.0
2022-10-13 00:00:00+00:00,0.29201701283454895,0.3120630085468292,0.2849310040473938,0.2916190028190613,196545,0.0,0.0
2022-10-14 00:00:00+00:00,0.2916199862957001,0.31209099292755127,0.2905780076980591,0.30103799700737,173239,0.0,0.0
2022-10-15 00:00:00+00:00,0.30103799700737,0.3015669882297516,0.28380098938941956,0.2949889898300171,200729,0.0,0.0
2022-10-16 00:00:00+00:00,0.2949880063533783,0.3089410066604614,0.2915390133857727,0.2972460091114044,126342,0.0,0.0
2022-10-17 00:00:00+00:00,0.2972469925880432,0.3183169960975647,0.29491299390792847,0.29958799481391907,149658,0.0,0.0
2022-10-18 00:00:00+00:00,0.29958799481391907,0.3004019856452942,0.294189989566803,0.2975830137729645,132222,0.0,0.0
2022-10-19 00:00:00+00:00,0.2975820004940033,0.3001129925251007,0.29717200994491577,0.2990500032901764,169569,0.0,0.0
2022-10-20 00:00:00+00:00,0.29905301332473755,0.30153000354766846,0.2979489862918854,0.29970601201057434,153226,0.0,0.0
2022-10-21 00:00:00+00:00,0.2997080087661743,0.31529900431632996,0.29970499873161316,0.3018310070037842,165384,0.0,0.0
2022-10-22 00:00:00+00:00,0.3018310070037842,0.3050079941749573,0.2928819954395294,0.2943210005760193,160390,0.0,0.0
2022-10-23 00:00:00+00:00,0.2943139970302582,0.2992599904537201,0.2941550016403198,0.29795899987220764,121789,0.0,0.0
2022-10-24 00:00:00+00:00,0.29795700311660767,0.2998560070991516,0.29683300852775574,0.2976059913635254,118371,0.0,0.0
2022-10-25 00:00:00+00:00,0.2976030111312866,0.29790198802948,0.29321199655532837,0.2969279885292053,131010,0.0,0.0
2022-10-26 00:00:00+00:00,0.29692500829696655,0.29945799708366394,0.29478201270103455,0.29538801312446594,102279,0.0,0.0
2022-10-27 00:00:00+00:00,0.29538899660110474,0.2984730005264282,0.2939319908618927,0.2945770025253296,105799,0.0,0.0
2022-10-28 00:00:00+00:00,0.2945779860019684,0.2971299886703491,0.2941190004348755,0.2969309985637665,198659,0.0,0.0
2022-10-29 00:00:00+00:00,0.2969299852848053,0.2984530031681061,0.29607799649238586,0.29645198583602905,121666,0.0,0.0
2022-10-30 00:00:00+00:00,0.29645198583602905,0.2995859980583191,0.2954210042953491,0.29583901166915894,156156,0.0,0.0
2022-10-31 00:00:00+00:00,0.29583999514579773,0.3036069869995117,0.29533401131629944,0.302293986082077,258962,0.0,0.0
2022-11-01 00:00:00+00:00,0.3022960126399994,0.3048210144042969,0.29963400959968567,0.30015701055526733,430717,0.0,0.0
2022-11-02 00:00:00+00:00,0.30015501379966736,0.3022960126399994,0.29566100239753723,0.2959029972553253,174461,0.0,0.0
2022-11-03 00:00:00+00:00,0.2958970069885254,0.2981480062007904,0.2951129972934723,0.29776400327682495,93166,0.0,0.0
2022-11-04 00:00:00+00:00,0.29776400327682495,0.29923298954963684,0.2950110137462616,0.29766198992729187,228193,0.0,0.0
2022-11-05 00:00:00+00:00,0.29766198992729187,0.2989859879016876,0.2964079976081848,0.29744499921798706,114671,0.0,0.0
2022-11-06 00:00:00+00:00,0.29744601249694824,0.29986900091171265,0.2961679995059967,0.29985401034355164,194671,0.0,0.0
2022-11-07 00:00:00+00:00,0.2998569905757904,0.2998639941215515,0.29523199796676636,0.2969740033149719,149516,0.0,0.0
2022-11-08 00:00:00+00:00,0.2969740033149719,0.2992109954357147,0.29115399718284607,0.29296401143074036,217512,0.0,0.0
2022-11-09 00:00:00+00:00,0.2929669916629791,0.29798001050949097,0.28860801458358765,0.2904059886932373,227525,0.0,0.0
2022-11-10 00:00:00+00:00,0.29041600227355957,0.29322201013565063,0.28698399662971497,0.292944997549057,121320,0.0,0.0
2022-11-11 00:00:00+00:00,0.2929390072822571,0.29836899042129517,0.2928929924964905,0.29673099517822266,156776,0.0,0.0
2022-11-12 00:00:00+00:00,0.29672500491142273,0.2967810034751892,0.29562801122665405,0.2960450053215027,188107,0.0,0.0
2022-11-13 00:00:00+00:00,0.2960450053215027,0.29900598526000977,0.29127800464630127,0.29768601059913635,207204,0.0,0.0
2022-11-14 00:00:00+00:00,0.29768499732017517,0.2977440059185028,0.2931320071220398,0.29347801208496094,137481,0.0,0.0
2022-11-15 00:00:00+00:00,0.2934809923171997,0.29637598991394043,0.2911520004272461,0.2942659854888916,320252,0.0,0.0
2022-11-16 00:00:00+00:00,0.29426801204681396,0.3719010055065155,0.2918359935283661,0.298691987991333,428402,0.0,0.0
2022-11-17 00:00:00+00:00,0.298691987991333,0.29869699478149414,0.28974398970603943,0.29536300897598267,262422,0.0,0.0
2022-11-18 00:00:00+00:00,0.2953619956970215,0.3021929860115051,0.2953589856624603,0.30083900690078735,104297,0.0,0.0
2022-11-19 00:00:00+00:00,0.3008419871330261,0.3402799963951111,0.29685500264167786,0.29877400398254395,119650,0.0,0.0
2022-11-20 00:00:00+00:00,0.2987689971923828,0.3015410006046295,0.29822099208831787,0.3012720048427582,75981,0.0,0.0
2022-11-21 00:00:00+00:00,0.30127599835395813,0.31752198934555054,0.2954469919204712,0.3126620054244995,139963,0.0,0.0
2022-11-22 00:00:00+00:00,0.31219398975372314,0.5308390259742737,0.3089059889316559,0.3297640085220337,196780,0.0,0.0
2022-11-23 00:00:00+00:00,0.32976698875427246,0.5309190154075623,0.3246670067310333,0.4295229911804199,167281,0.0,0.0
2022-11-24 00:00:00+00:00,0.4292460083961487,0.5172929763793945,0.2955169975757599,0.2961769998073578,154249,0.0,0.0
2022-11-25 00:00:00+00:00,0.2961759865283966,0.30083900690078735,0.28224900364875793,0.2885110080242157,74354,0.0,0.0
2022-11-26 00:00:00+00:00,0.2885110080242157,0.2942180037498474,0.24373699724674225,0.24831099808216095,88145,0.0,0.0
2022-11-27 00:00:00+00:00,0.2482769936323166,0.24889999628067017,0.2174990028142929,0.22159600257873535,51515,0.0,0.0
2022-11-28 00:00:00+00:00,0.22159500420093536,0.22334200143814087,0.17995500564575195,0.19421100616455078,131551,0.0,0.0
2022-11-29 00:00:00+00:00,0.19421100616455078,0.19989800453186035,0.1791429966688156,0.1879590004682541,36697,0.0,0.0
2022-11-30 00:00:00+00:00,0.1877640038728714,0.20048299431800842,0.17829899489879608,0.18681399524211884,154691,0.0,0.0
2022-12-01 00:00:00+00:00,0.18681499361991882,0.20051200687885284,0.18316799402236938,0.1881520003080368,179612,0.0,0.0
2022-12-02 00:00:00+00:00,0.18815700709819794,0.22235900163650513,0.18674300611019135,0.19999000430107117,45421,0.0,0.0
2022-12-03 00:00:00+00:00,0.2012539952993393,0.20640000700950623,0.19868600368499756,0.1993589997291565,66945,0.0,0.0
2022-12-04 00:00:00+00:00,0.1993589997291565,0.20269599556922913,0.1888989955186844,0.2000569999217987,65177,0.0,0.0
2022-12-05 00:00:00+00:00,0.2000579982995987,0.22026699781417847,0.1911199986934662,0.19870400428771973,71421,0.0,0.0
2022-12-06 00:00:00+00:00,0.1987069994211197,0.20348599553108215,0.19250600039958954,0.19701799750328064,56699,0.0,0.0
2022-12-07 00:00:00+00:00,0.19701600074768066,0.20606300234794617,0.19274699687957764,0.203575000166893,63225,0.0,0.0
2022-12-08 00:00:00+00:00,0.20357699692249298,0.20604099333286285,0.1938749998807907,0.19515599310398102,57293,0.0,0.0
2022-12-09 00:00:00+00:00,0.19515499472618103,0.20273099839687347,0.19407999515533447,0.2011909931898117,62096,0.0,0.0
2022-12-10 00:00:00+00:00,0.2011920064687729,0.20289300382137299,0.19432200491428375,0.19645699858665466,57703,0.0,0.0
2022-12-11 00:00:00+00:00,0.19539600610733032,0.20481500029563904,0.19434800744056702,0.2003999948501587,55956,0.0,0.0
2022-12-12 00:00:00+00:00,0.20040099322795868,0.23948800563812256,0.19549700617790222,0.1955060064792633,98707,0.0,0.0
2022-12-13 00:00:00+00:00,0.1955060064792633,0.21246300637722015,0.19418300688266754,0.2016180008649826,63692,0.0,0.0
2022-12-14 00:00:00+00:00,0.2016189992427826,0.2020229995250702,0.18880000710487366,0.196042001247406,52867,0.0,0.0
2022-12-15 00:00:00+00:00,0.196042999625206,0.2003750056028366,0.19141100347042084,0.19727300107479095,49343,0.0,0.0
2022-12-16 00:00:00+00:00,0.19726599752902985,0.2001969963312149,0.1908089965581894,0.19513900578022003,52680,0.0,0.0
2022-12-17 00:00:00+00:00,0.1951349973678589,0.207519993185997,0.19261300563812256,0.1950799971818924,63797,0.0,0.0
2022-12-18 00:00:00+00:00,0.19507600367069244,0.19843299686908722,0.1690949946641922,0.1749269962310791,71092,0.0,0.0
2022-12-19 00:00:00+00:00,0.1749269962310791,0.18003299832344055,0.1413159966468811,0.1513029932975769,41844,0.0,0.0
2022-12-20 00:00:00+00:00,0.15130199491977692,0.15145500004291534,0.13483799993991852,0.13721700012683868,65174,0.0,0.0
2022-12-21 00:00:00+00:00,0.1379850059747696,0.1430020034313202,0.12415199726819992,0.1288129985332489,57006,0.0,0.0
2022-12-22 00:00:00+00:00,0.1288129985332489,0.14173699915409088,0.12112800031900406,0.12523099780082703,168086,0.0,0.0
2022-12-23 00:00:00+00:00,0.12522999942302704,0.13065199553966522,0.12045200169086456,0.12388099730014801,159237,0.0,0.0
2022-12-24 00:00:00+00:00,0.12388099730014801,0.12679900228977203,0.11503899842500687,0.11703699827194214,158888,0.0,0.0
2022-12-25 00:00:00+00:00,0.11703699827194214,0.12509000301361084,0.11413999646902084,0.11942599713802338,151120,0.0,0.0
2022-12-26 00:00:00+00:00,0.11942499876022339,0.12344499677419662,0.11665000021457672,0.1218930035829544,144656,0.0,0.0
2022-12-27 00:00:00+00:00,0.12189000099897385,0.1333570033311844,0.1192300021648407,0.12766699492931366,185986,0.0,0.0
2022-12-28 00:00:00+00:00,0.12766799330711365,0.13496099412441254,0.12055599689483643,0.12388399988412857,202051,0.0,0.0
2022-12-29 00:00:00+00:00,0.12388399988412857,0.12671400606632233,0.11940299719572067,0.12031599879264832,117234,0.0,0.0
2022-12-30 00:00:00+00:00,0.12128499895334244,0.12372799962759018,0.11913900077342987,0.12216100096702576,143540,0.0,0.0
2022-12-31 00:00:00+00:00,0.12231499701738358,0.12420400232076645,0.11941000074148178,0.12186700105667114,144674,0.0,0.0
2023-01-01 00:00:00+00:00,0.12186700105667114,0.1226620003581047,0.11508399993181229,0.11510299891233444,142766,0.0,0.0
2023-01-02 00:00:00+00:00,0.11510200053453445,0.11996299773454666,0.11427900195121765,0.11995899677276611,133654,0.0,0.0
2023-01-03 00:00:00+00:00,0.1199600026011467,0.12210100144147873,0.11575300246477127,0.11769499629735947,147074,0.0,0.0
2023-01-04 00:00:00+00:00,0.11769399791955948,0.12086199969053268,0.11542399972677231,0.11703799664974213,143897,0.0,0.0
2023-01-05 00:00:00+00:00,0.11703699827194214,0.11970599740743637,0.11438699811697006,0.11581200361251831,144990,0.0,0.0
2023-01-06 00:00:00+00:00,0.1158130019903183,0.1214120015501976,0.11323700100183487,0.12117300182580948,143939,0.0,0.0
2023-01-07 00:00:00+00:00,0.12117200344800949,0.12398900091648102,0.11840599775314331,0.12084399908781052,134307,0.0,0.0
2023-01-08 00:00:00+00:00,0.12084399908781052,0.12087400257587433,0.11394400149583817,0.11702299863100052,161919,0.0,0.0
2023-01-09 00:00:00+00:00,0.11702200025320053,0.12226100265979767,0.11467800289392471,0.1217309981584549,144133,0.0,0.0
2023-01-10 00:00:00+00:00,0.1217309981584549,0.12239199876785278,0.11706600338220596,0.11819999665021896,109931,0.0,0.0
2023-01-11 00:00:00+00:00,0.1182750016450882,0.1214120015501976,0.11700200289487839,0.11906799674034119,145144,0.0,0.0
2023-01-12 00:00:00+00:00,0.11911100149154663,0.12382800132036209,0.11892600357532501,0.12074100226163864,145587,0.0,0.0
2023-01-13 00:00:00+00:00,0.1207439973950386,0.12486100196838379,0.12033499777317047,0.12402500212192535,107047,0.0,0.0
2023-01-14 00:00:00+00:00,0.12402500212192535,0.12621000409126282,0.12092400342226028,0.1225930005311966,17683,0.0,0.0
2023-01-15 00:00:00+00:00,0.12259099632501602,0.15117600560188293,0.11979000270366669,0.12340500205755234,159125,0.0,0.0
2023-01-16 00:00:00+00:00,0.12340299785137177,0.12391000241041183,0.11701100319623947,0.12122700363397598,32687,0.0,0.0
2023-01-17 00:00:00+00:00,0.12122700363397598,0.12148399651050568,0.11798500269651413,0.11986000090837479,35780,0.0,0.0
2023-01-18 00:00:00+00:00,0.11986000090837479,0.12482500076293945,0.1172650009393692,0.11767599731683731,11581,0.0,0.0
2023-01-19 00:00:00+00:00,0.11767099797725677,0.16401399672031403,0.11749400198459625,0.12485499680042267,292023,0.0,0.0
2023-01-20 00:00:00+00:00,0.12485300004482269,0.12577000260353088,0.1177230030298233,0.12022799998521805,177889,0.0,0.0
2023-01-21 00:00:00+00:00,0.12019699811935425,0.12236899882555008,0.11909499764442444,0.12163499742746353,85529,0.0,0.0
2023-01-22 00:00:00+00:00,0.12199600040912628,0.13388900458812714,0.11985599994659424,0.12616799771785736,618019,0.0,0.0
2023-01-23 00:00:00+00:00,0.12632299959659576,0.12711599469184875,0.12264300137758255,0.12346400320529938,340118,0.0,0.0
2023-01-24 00:00:00+00:00,0.12342999875545502,0.1251479983329773,0.12267299741506577,0.12387000024318695,458958,0.0,0.0
2023-01-25 00:00:00+00:00,0.12383700162172318,0.12987899780273438,0.1221420019865036,0.1280599981546402,228777,0.0,0.0
2023-01-26 00:00:00+00:00,0.12806199491024017,0.1281690001487732,0.12288500368595123,0.12477999925613403,199965,0.0,0.0
2023-01-27 00:00:00+00:00,0.12483499944210052,0.12515200674533844,0.12289000302553177,0.12391799688339233,167525,0.0,0.0
2023-01-28 00:00:00+00:00,0.12392199784517288,0.12612099945545197,0.12158200144767761,0.12397000193595886,245488,0.0,0.0
2023-01-29 00:00:00+00:00,0.12398400157690048,0.12420900166034698,0.12155599892139435,0.12310100346803665,204970,0.0,0.0
2023-01-30 00:00:00+00:00,0.12260899692773819,0.12477699667215347,0.12141100317239761,0.12387000024318695,241762,0.0,0.0
2023-01-31 00:00:00+00:00,0.12390600144863129,0.14698700606822968,0.12262699753046036,0.12468799948692322,254599,0.0,0.0
2023-02-01 00:00:00+00:00,0.12469000369310379,0.1284870058298111,0.12141700088977814,0.1245419979095459,194569,0.0,0.0
2023-02-02 00:00:00+00:00,0.12454099953174591,0.12946799397468567,0.12338200211524963,0.12744200229644775,197615,0.0,0.0
2023-02-03 00:00:00+00:00,0.12743200361728668,0.1274619996547699,0.12428899854421616,0.12646399438381195,191893,0.0,0.0
2023-02-04 00:00:00+00:00,0.1264449954032898,0.12648099660873413,0.12002400308847427,0.12171699851751328,90656,0.0,0.0
2023-02-05 00:00:00+00:00,0.12165000289678574,0.12387800216674805,0.11916100233793259,0.12105900049209595,84152,0.0,0.0
2023-02-06 00:00:00+00:00,0.12104000151157379,0.12229599803686142,0.12006299942731857,0.1210239976644516,43222,0.0,0.0
2023-02-07 00:00:00+00:00,0.12101499736309052,0.1272059977054596,0.11965999752283096,0.12684600055217743,127606,0.0,0.0
2023-02-08 00:00:00+00:00,0.12712299823760986,0.1308940052986145,0.12076599895954132,0.12263800203800201,131422,0.0,0.0
2023-02-09 00:00:00+00:00,0.12263999879360199,0.12559600174427032,0.12078800052404404,0.12177100032567978,183991,0.0,0.0
2023-02-10 00:00:00+00:00,0.1219019964337349,0.126227006316185,0.12017799913883209,0.12425500154495239,198875,0.0,0.0
2023-02-11 00:00:00+00:00,0.12425500154495239,0.13283899426460266,0.12138599902391434,0.12274099886417389,232170,0.0,0.0
2023-02-12 00:00:00+00:00,0.12274999916553497,0.12483300268650055,0.12135700136423111,0.12227100133895874,205853,0.0,0.0
2023-02-13 00:00:00+00:00,0.12224999815225601,0.1261489987373352,0.12005399912595749,0.12169799953699112,337129,0.0,0.0
2023-02-14 00:00:00+00:00,0.121738001704216,0.12231700122356415,0.11917000263929367,0.11927500367164612,98233,0.0,0.0
2023-02-15 00:00:00+00:00,0.11926399916410446,0.12147600203752518,0.11919499933719635,0.12051399797201157,184530,0.0,0.0
2023-02-16 00:00:00+00:00,0.12058699876070023,0.12235800176858902,0.12048300355672836,0.1213579997420311,195137,0.0,0.0
2023-02-17 00:00:00+00:00,0.1213660016655922,0.122639000415802,0.12046299874782562,0.12099999934434891,208204,0.0,0.0
2023-02-18 00:00:00+00:00,0.12099000066518784,0.12229499965906143,0.12002599984407425,0.12048599869012833,201949,0.0,0.0
2023-02-19 00:00:00+00:00,0.12050200253725052,0.12147299945354462,0.12017399817705154,0.12038400024175644,223996,0.0,0.0
2023-02-20 00:00:00+00:00,0.12038599699735641,0.12086699903011322,0.1189500018954277,0.11947900056838989,198098,0.0,0.0
2023-02-21 00:00:00+00:00,0.1194780021905899,0.12023100256919861,0.11298800259828568,0.1191750019788742,361428,0.0,0.0
2023-02-22 00:00:00+00:00,0.11917699873447418,0.12150699645280838,0.11790099740028381,0.1197659969329834,224912,0.0,0.0
2023-02-23 00:00:00+00:00,0.11977499723434448,0.1216680034995079,0.11905299872159958,0.11926200240850449,211832,0.0,0.0
2023-02-24 00:00:00+00:00,0.11925999820232391,0.12575499713420868,0.11804399639368057,0.11954399943351746,231643,0.0,0.0
2023-02-25 00:00:00+00:00,0.11954300105571747,0.1217930018901825,0.11804299801588058,0.11871500313282013,190015,0.0,0.0
2023-02-26 00:00:00+00:00,0.11871500313282013,0.2671709954738617,0.11846400052309036,0.18884700536727905,2130090,0.0,0.0
2023-02-27 00:00:00+00:00,0.18804700672626495,0.19616000354290009,0.1380700021982193,0.13855700194835663,2068647,0.0,0.0
2023-02-28 00:00:00+00:00,0.138591006398201,0.14083099365234375,0.12205199897289276,0.1333339959383011,871019,0.0,0.0
2023-03-01 00:00:00+00:00,0.13335099816322327,0.13369500637054443,0.1222039982676506,0.12272000312805176,511428,0.0,0.0
2023-03-02 00:00:00+00:00,0.12274400144815445,0.12578600645065308,0.12038200348615646,0.12229599803686142,405549,0.0,0.0
2023-03-03 00:00:00+00:00,0.12229400128126144,0.12229699641466141,0.11518099904060364,0.11610300093889236,276705,0.0,0.0
2023-03-04 00:00:00+00:00,0.11610200256109238,0.14063900709152222,0.11584799736738205,0.12554900348186493,776848,0.0,0.0
2023-03-05 00:00:00+00:00,0.1255439966917038,0.12651300430297852,0.11898600310087204,0.1220880001783371,433124,0.0,0.0
2023-03-06 00:00:00+00:00,0.12206000089645386,0.12292700260877609,0.11800199747085571,0.12020699679851532,293504,0.0,0.0
2023-03-07 00:00:00+00:00,0.12020699679851532,0.12290699779987335,0.11684499680995941,0.11956200003623962,386605,0.0,0.0
2023-03-08 00:00:00+00:00,0.11958599835634232,0.12513700127601624,0.11734600365161896,0.12042000144720078,344692,0.0,0.0
2023-03-09 00:00:00+00:00,0.12042000144720078,0.12239599972963333,0.1171490028500557,0.11911900341510773,251101,0.0,0.0
2023-03-10 00:00:00+00:00,0.11911799758672714,0.12201099842786789,0.11638099700212479,0.12040700018405914,321733,0.0,0.0
2023-03-11 00:00:00+00:00,0.12040399760007858,0.12330800294876099,0.1186790019273758,0.11894799768924713,263005,0.0,0.0
2023-03-12 00:00:00+00:00,0.118927001953125,0.12098400294780731,0.11858399957418442,0.11996400356292725,244694,0.0,0.0
2023-03-13 00:00:00+00:00,0.12026599794626236,0.12437699735164642,0.11902400106191635,0.12049899995326996,318823,0.0,0.0
2023-03-14 00:00:00+00:00,0.12048999965190887,0.12431299686431885,0.12029600143432617,0.12053599953651428,182207,0.0,0.0
2023-03-15 00:00:00+00:00,0.12053299695253372,0.12164200097322464,0.11926999688148499,0.12020400166511536,251158,0.0,0.0
2023-03-16 00:00:00+00:00,0.12025400251150131,0.12093199789524078,0.11897700279951096,0.1195869967341423,236010,0.0,0.0
2023-03-17 00:00:00+00:00,0.11958400160074234,0.12069699913263321,0.1192139983177185,0.12010200321674347,223481,0.0,0.0
2023-03-18 00:00:00+00:00,0.12009800225496292,0.12163800001144409,0.11968199908733368,0.12010499835014343,290359,0.0,0.0
2023-03-19 00:00:00+00:00,0.12010399997234344,0.12082300335168839,0.11845599859952927,0.11913000047206879,237668,0.0,0.0
2023-03-20 00:00:00+00:00,0.1191290020942688,0.12127599865198135,0.11844199895858765,0.12077300250530243,221355,0.0,0.0
2023-03-21 00:00:00+00:00,0.12075299769639969,0.12102200090885162,0.11874999850988388,0.12019699811935425,310812,0.0,0.0
2023-03-22 00:00:00+00:00,0.12019799649715424,0.12160500138998032,0.11946199834346771,0.12082300335168839,223870,0.0,0.0
2023-03-23 00:00:00+00:00,0.12081299722194672,0.12119899690151215,0.11900400370359421,0.12027599662542343,267405,0.0,0.0
2023-03-24 00:00:00+00:00,0.12027999758720398,0.12099999934434891,0.11940500140190125,0.12072200328111649,164327,0.0,0.0
2023-03-25 00:00:00+00:00,0.12072300165891647,0.12096100300550461,0.11950299888849258,0.11953499913215637,148716,0.0,0.0
2023-03-26 00:00:00+00:00,0.11953599750995636,0.12186499685049057,0.11470600217580795,0.11869499832391739,393531,0.0,0.0
2023-03-27 00:00:00+00:00,0.11872100085020065,0.1221729964017868,0.11785399913787842,0.12124499678611755,213699,0.0,0.0
2023-03-28 00:00:00+00:00,0.12124499678611755,0.12177500128746033,0.11927399784326553,0.11986099928617477,164861,0.0,0.0
2023-03-29 00:00:00+00:00,0.11985799670219421,0.12097200006246567,0.11785399913787842,0.12052299827337265,213558,0.0,0.0
2023-03-30 00:00:00+00:00,0.12052399665117264,0.1205419972538948,0.11858200281858444,0.11981000006198883,200206,0.0,0.0
2023-03-31 00:00:00+00:00,0.1198119968175888,0.12094700336456299,0.11844199895858765,0.11875999718904495,204539,0.0,0.0
2023-04-01 00:00:00+00:00,0.11875899881124496,0.12035100162029266,0.11822199821472168,0.12016499787569046,177690,0.0,0.0
2023-04-02 00:00:00+00:00,0.12005800008773804,0.1205340027809143,0.11831499636173248,0.11865799874067307,175221,0.0,0.0
2023-04-03 00:00:00+00:00,0.11865700036287308,0.119937002658844,0.11765000224113464,0.11943399906158447,221169,0.0,0.0
2023-04-04 00:00:00+00:00,0.11943300068378448,0.12003900110721588,0.11827699840068817,0.11982599645853043,209242,0.0,0.0
2023-04-05 00:00:00+00:00,0.11982499808073044,0.11998800188302994,0.11687000095844269,0.1195330023765564,207275,0.0,0.0
2023-04-06 00:00:00+00:00,0.11953700333833694,0.11972200125455856,0.11515399813652039,0.116798996925354,181919,0.0,0.0
2023-04-07 00:00:00+00:00,0.11679399758577347,0.12686799466609955,0.11664900183677673,0.11809899657964706,338328,0.0,0.0
2023-04-08 00:00:00+00:00,0.11809699982404709,0.11984200030565262,0.11739899963140488,0.11922500282526016,200682,0.0,0.0
2023-04-09 00:00:00+00:00,0.11922799795866013,0.11925599724054337,0.11702200025320053,0.11738000065088272,277437,0.0,0.0
2023-04-10 00:00:00+00:00,0.1173819974064827,0.12002500146627426,0.1169779971241951,0.11765000224113464,418995,0.0,0.0
2023-04-11 00:00:00+00:00,0.11765500158071518,0.11927500367164612,0.1172029972076416,0.11817499995231628,470566,0.0,0.0
2023-04-12 00:00:00+00:00,0.11817900091409683,0.12083400040864944,0.11815900355577469,0.11903999745845795,436507,0.0,0.0
2023-04-13 00:00:00+00:00,0.11892899870872498,0.11968500167131424,0.11849699914455414,0.11862199753522873,359216,0.0,0.0
2023-04-14 00:00:00+00:00,0.11862699687480927,0.12145200371742249,0.11857300251722336,0.12063699960708618,327232,0.0,0.0
2023-04-15 00:00:00+00:00,0.12063699960708618,0.12125299870967865,0.11892600357532501,0.1195250004529953,494110,0.0,0.0
2023-04-16 00:00:00+00:00,0.11952400207519531,0.1201929971575737,0.11826600134372711,0.11933399736881256,271313,0.0,0.0
2023-04-17 00:00:00+00:00,0.11933399736881256,0.12115900218486786,0.11864099651575089,0.1193699985742569,295031,0.0,0.0
2023-04-18 00:00:00+00:00,0.11936700344085693,0.12021800130605698,0.11871899664402008,0.11889199912548065,377602,0.0,0.0
2023-04-19 00:00:00+00:00,0.11889400333166122,0.12022099643945694,0.11826100200414658,0.11952099949121475,313562,0.0,0.0
2023-04-20 00:00:00+00:00,0.11952199786901474,0.11975099891424179,0.11780399829149246,0.11927200108766556,405903,0.0,0.0
2023-04-21 00:00:00+00:00,0.11927200108766556,0.12012699991464615,0.11711200326681137,0.1177859976887703,309560,0.0,0.0
2023-04-22 00:00:00+00:00,0.11778700351715088,0.12154000252485275,0.11682499945163727,0.1185460016131401,220638,0.0,0.0
2023-04-23 00:00:00+00:00,0.1185460016131401,0.12190300226211548,0.11833400279283524,0.12121400237083435,396446,0.0,0.0
2023-04-24 00:00:00+00:00,0.12120100110769272,0.12145999819040298,0.11849500238895416,0.11991800367832184,363330,0.0,0.0
2023-04-25 00:00:00+00:00,0.11991800367832184,0.12044300138950348,0.11793500185012817,0.11944200098514557,369713,0.0,0.0
2023-04-26 00:00:00+00:00,0.11944399774074554,0.11965599656105042,0.11806900054216385,0.11855000257492065,409543,0.0,0.0
2023-04-27 00:00:00+00:00,0.11855000257492065,0.1206120029091835,0.11805599927902222,0.1196419969201088,284021,0.0,0.0
2023-04-28 00:00:00+00:00,0.1196419969201088,0.12075900286436081,0.11887700110673904,0.1193540021777153,605280,0.0,0.0
2023-04-29 00:00:00+00:00,0.11935900151729584,0.1221729964017868,0.11891700327396393,0.12161000072956085,471918,0.0,0.0
2023-04-30 00:00:00+00:00,0.12160799652338028,0.12513700127601624,0.12016600370407104,0.12140800058841705,282420,0.0,0.0
2023-05-01 00:00:00+00:00,0.12140700221061707,0.1232680007815361,0.11720000207424164,0.11885199695825577,667798,0.0,0.0
2023-05-02 00:00:00+00:00,0.1188569962978363,0.11944500356912613,0.11757099628448486,0.11895299702882767,244789,0.0,0.0
2023-05-03 00:00:00+00:00,0.11855600029230118,0.12185599654912949,0.11806699633598328,0.11911600083112717,671371,0.0,0.0
2023-05-04 00:00:00+00:00,0.11911600083112717,0.12041199952363968,0.118087999522686,0.11963500082492828,427642,0.0,0.0
2023-05-05 00:00:00+00:00,0.11964999884366989,0.12017200142145157,0.11831700056791306,0.119657002389431,302933,0.0,0.0
2023-05-06 00:00:00+00:00,0.11965499818325043,0.12060700356960297,0.11815500259399414,0.11961100250482559,509467,0.0,0.0
2023-05-07 00:00:00+00:00,0.11961100250482559,0.12039999663829803,0.11830800026655197,0.1191060021519661,297329,0.0,0.0
2023-05-08 00:00:00+00:00,0.11910399794578552,0.1196959987282753,0.11711400002241135,0.11948999762535095,340446,0.0,0.0
2023-05-09 00:00:00+00:00,0.11948999762535095,0.12331700325012207,0.11765699833631516,0.11984699964523315,534160,0.0,0.0
2023-05-10 00:00:00+00:00,0.11985299736261368,0.12234500050544739,0.11875999718904495,0.12028899788856506,309480,0.0,0.0
2023-05-11 00:00:00+00:00,0.1202939972281456,0.12039700150489807,0.11699800193309784,0.1173119992017746,480258,0.0,0.0
2023-05-12 00:00:00+00:00,0.1171099990606308,0.11881300061941147,0.11654400080442429,0.11708100140094757,246607,0.0,0.0
2023-05-13 00:00:00+00:00,0.11707600206136703,0.12130700051784515,0.11677899956703186,0.11726699769496918,516135,0.0,0.0
2023-05-14 00:00:00+00:00,0.1172650009393692,0.11962699890136719,0.11633799970149994,0.11799299716949463,565357,0.0,0.0
2023-05-15 00:00:00+00:00,0.11798900365829468,0.12008900195360184,0.11756899952888489,0.11903399974107742,477266,0.0,0.0
2023-05-16 00:00:00+00:00,0.11903300136327744,0.11998999863862991,0.11815699934959412,0.11834900081157684,620311,0.0,0.0
2023-05-17 00:00:00+00:00,0.11834900081157684,0.12150800228118896,0.11829099804162979,0.12060099840164185,581109,0.0,0.0
2023-05-18 00:00:00+00:00,0.12060099840164185,0.12084999680519104,0.1184689998626709,0.11849000304937363,606662,0.0,0.0
2023-05-19 00:00:00+00:00,0.11849500238895416,0.12030100077390671,0.11788199841976166,0.11792600154876709,404824,0.0,0.0
2023-05-20 00:00:00+00:00,0.11792699992656708,0.11835800111293793,0.11731600016355515,0.11760400235652924,750329,0.0,0.0
2023-05-21 00:00:00+00:00,0.11760199815034866,0.11780499666929245,0.1126680001616478,0.11619000136852264,744215,0.0,0.0
2023-05-22 00:00:00+00:00,0.11618699878454208,0.11875499784946442,0.11506199836730957,0.11833000183105469,429323,0.0,0.0
2023-05-23 00:00:00+00:00,0.11833900213241577,0.11879099905490875,0.11638099700212479,0.1171180009841919,414094,0.0,0.0
2023-05-24 00:00:00+00:00,0.11711999773979187,0.11880400031805038,0.11693199723958969,0.11760299652814865,413084,0.0,0.0
2023-05-25 00:00:00+00:00,0.1175990030169487,0.11907000094652176,0.11706899851560593,0.1186169981956482,500636,0.0,0.0
2023-05-26 00:00:00+00:00,0.1186169981956482,0.11914899945259094,0.1172190010547638,0.11806999891996384,484455,0.0,0.0
2023-05-27 00:00:00+00:00,0.11806900054216385,0.11927200108766556,0.11735399812459946,0.11790499836206436,228357,0.0,0.0
2023-05-28 00:00:00+00:00,0.11790300160646439,0.118647001683712,0.11747000366449356,0.11792899668216705,273060,0.0,0.0
2023-05-29 00:00:00+00:00,0.11794000118970871,0.1204029992222786,0.11713100224733353,0.11771299690008163,404229,0.0,0.0
2023-05-30 00:00:00+00:00,0.11771800369024277,0.11872400343418121,0.1167059987783432,0.11816299706697464,269513,0.0,0.0
2023-05-31 00:00:00+00:00,0.11816699802875519,0.11881700158119202,0.11702100187540054,0.11881200224161148,300625,0.0,0.0
2023-06-01 00:00:00+00:00,0.11881200224161148,0.1195409968495369,0.11783500015735626,0.11947900056838989,342894,0.0,0.0
2023-06-02 00:00:00+00:00,0.1194780021905899,0.11994300037622452,0.11855699867010117,0.11948999762535095,306473,0.0,0.0
2023-06-03 00:00:00+00:00,0.11948899924755096,0.11964000016450882,0.11890800297260284,0.11904100328683853,479686,0.0,0.0
2023-06-04 00:00:00+00:00,0.11904200166463852,0.11931400001049042,0.11833299696445465,0.11903200298547745,333718,0.0,0.0
2023-06-05 00:00:00+00:00,0.11903300136327744,0.11963500082492828,0.11851900070905685,0.11892800033092499,418024,0.0,0.0
2023-06-06 00:00:00+00:00,0.11892600357532501,0.11926700174808502,0.11253699660301208,0.11889500170946121,409810,0.0,0.0
2023-06-07 00:00:00+00:00,0.11889299750328064,0.11973299831151962,0.11869700253009796,0.11887499690055847,341516,0.0,0.0
2023-06-08 00:00:00+00:00,0.11887700110673904,0.11966300010681152,0.11854500323534012,0.1187720000743866,355691,0.0,0.0
2023-06-09 00:00:00+00:00,0.1187720000743866,0.11951600015163422,0.11806000024080276,0.11917699873447418,501858,0.0,0.0
2023-06-10 00:00:00+00:00,0.11917699873447418,0.11949200183153152,0.11826500296592712,0.11866900324821472,215086,0.0,0.0
2023-06-11 00:00:00+00:00,0.11867000162601471,0.1206509992480278,0.11755400151014328,0.11858200281858444,266397,0.0,0.0
2023-06-12 00:00:00+00:00,0.11858300119638443,0.11938100308179855,0.11720699816942215,0.11914899945259094,302954,0.0,0.0
2023-06-13 00:00:00+00:00,0.11915300041437149,0.12028300017118454,0.11669199913740158,0.11983499675989151,423429,0.0,0.0
2023-06-14 00:00:00+00:00,0.11983399838209152,0.1209850013256073,0.11841300129890442,0.12004200369119644,353374,0.0,0.0
2023-06-15 00:00:00+00:00,0.12004200369119644,0.12031400203704834,0.1164269968867302,0.11745800077915192,478032,0.0,0.0
2023-06-16 00:00:00+00:00,0.1174589991569519,0.1197810024023056,0.1146019995212555,0.11945799738168716,264273,0.0,0.0
2023-06-17 00:00:00+00:00,0.11943899840116501,0.12027300149202347,0.11793199926614761,0.11798600107431412,468756,0.0,0.0
2023-06-18 00:00:00+00:00,0.11798200011253357,0.11965899914503098,0.11472699791193008,0.11922600120306015,273671,0.0,0.0
2023-06-19 00:00:00+00:00,0.11922699958086014,0.12034399807453156,0.11731100082397461,0.11923100054264069,193558,0.0,0.0
2023-06-20 00:00:00+00:00,0.11921299993991852,0.11948700249195099,0.11834599822759628,0.11899799853563309,356433,0.0,0.0
2023-06-21 00:00:00+00:00,0.11899299919605255,0.11966799944639206,0.11714000254869461,0.11923900246620178,298153,0.0,0.0
2023-06-22 00:00:00+00:00,0.11923199892044067,0.119548000395298,0.11623799800872803,0.11751099675893784,241217,0.0,0.0
2023-06-23 00:00:00+00:00,0.11751899868249893,0.11919700354337692,0.11696700006723404,0.11748199909925461,392098,0.0,0.0
2023-06-24 00:00:00+00:00,0.1174980029463768,0.11771000176668167,0.11492300033569336,0.11651299893856049,311674,0.0,0.0
2023-06-25 00:00:00+00:00,0.11651899665594101,0.11902400106191635,0.11554700136184692,0.11899399757385254,254338,0.0,0.0
2023-06-26 00:00:00+00:00,0.11898999661207199,0.11992400139570236,0.11782599985599518,0.11814799904823303,328647,0.0,0.0
2023-06-27 00:00:00+00:00,0.11814799904823303,0.11988099664449692,0.11811699718236923,0.11967100203037262,278057,0.0,0.0
2023-06-28 00:00:00+00:00,0.11967000365257263,0.11969300359487534,0.11727000027894974,0.11807899922132492,484253,0.0,0.0
2023-06-29 00:00:00+00:00,0.11808899790048599,0.11921299993991852,0.11779499799013138,0.11814399808645248,606203,0.0,0.0
2023-06-30 00:00:00+00:00,0.11814100295305252,0.11946500092744827,0.11773300170898438,0.11871500313282013,274083,0.0,0.0
2023-07-01 00:00:00+00:00,0.11871600151062012,0.11969800293445587,0.1186859980225563,0.11936599761247635,575750,0.0,0.0
2023-07-02 00:00:00+00:00,0.11936599761247635,0.11968900263309479,0.11809299886226654,0.11896099895238876,516565,0.0,0.0
2023-07-03 00:00:00+00:00,0.11895699799060822,0.12306299805641174,0.11847099661827087,0.1206279993057251,319695,0.0,0.0
2023-07-04 00:00:00+00:00,0.12062600255012512,0.12063899636268616,0.11850199848413467,0.11926399916410446,258100,0.0,0.0
2023-07-05 00:00:00+00:00,0.11926700174808502,0.11976099759340286,0.11857499927282333,0.1193230003118515,308676,0.0,0.0
2023-07-06 00:00:00+00:00,0.11932200193405151,0.12021300196647644,0.11890999972820282,0.11918500065803528,295876,0.0,0.0
2023-07-07 00:00:00+00:00,0.11917799711227417,0.1198199987411499,0.11835300177335739,0.11923400312662125,265503,0.0,0.0
2023-07-08 00:00:00+00:00,0.1192300021648407,0.12037099897861481,0.11764899641275406,0.11792699992656708,288964,0.0,0.0
2023-07-09 00:00:00+00:00,0.11792799830436707,0.11955899745225906,0.11681599915027618,0.11912400275468826,295650,0.0,0.0
2023-07-10 00:00:00+00:00,0.11912400275468826,0.11947199702262878,0.11618299782276154,0.11917900294065475,305601,0.0,0.0
2023-07-11 00:00:00+00:00,0.11918500065803528,0.11976400017738342,0.11512500047683716,0.11962199956178665,391038,0.0,0.0
2023-07-12 00:00:00+00:00,0.11962299793958664,0.11981400102376938,0.11571100354194641,0.11722899973392487,167932,0.0,0.0
2023-07-13 00:00:00+00:00,0.11722800135612488,0.12009099870920181,0.1170869991183281,0.11931300163269043,281102,0.0,0.0
2023-07-14 00:00:00+00:00,0.11931200325489044,0.12041299790143967,0.11741200089454651,0.11777500063180923,351061,0.0,0.0
2023-07-15 00:00:00+00:00,0.11774100363254547,0.11924900114536285,0.11491800099611282,0.11796700209379196,187500,0.0,0.0
2023-07-16 00:00:00+00:00,0.11796300113201141,0.11847999691963196,0.11630800366401672,0.11775799840688705,294866,0.0,0.0
2023-07-17 00:00:00+00:00,0.11775799840688705,0.11835499852895737,0.11698299646377563,0.11790899932384491,237037,0.0,0.0
2023-07-18 00:00:00+00:00,0.11790700256824493,0.12025199830532074,0.11787199974060059,0.11904200166463852,240777,0.0,0.0
2023-07-19 00:00:00+00:00,0.11903899908065796,0.1198510006070137,0.11862500011920929,0.11906900256872177,230821,0.0,0.0
2023-07-20 00:00:00+00:00,0.11907300353050232,0.1250690072774887,0.11800500005483627,0.11931200325489044,193703,0.0,0.0
2023-07-21 00:00:00+00:00,0.11931200325489044,0.11987999826669693,0.11636900156736374,0.11650999635457993,254119,0.0,0.0
2023-07-22 00:00:00+00:00,0.11651100218296051,0.11905699968338013,0.11639700084924698,0.11788299679756165,512997,0.0,0.0
2023-07-23 00:00:00+00:00,0.11788500100374222,0.1188649982213974,0.11658100038766861,0.11865200102329254,342829,0.0,0.0
2023-07-24 00:00:00+00:00,0.11864600330591202,0.12107600271701813,0.11710300296545029,0.1197429969906807,323601,0.0,0.0
2023-07-25 00:00:00+00:00,0.11974400281906128,0.12056799978017807,0.11906000226736069,0.11907400190830231,357223,0.0,0.0
2023-07-26 00:00:00+00:00,0.11907599866390228,0.11970499902963638,0.1184220016002655,0.11870899796485901,268219,0.0,0.0
2023-07-27 00:00:00+00:00,0.11870700120925903,0.11922500282526016,0.11807200312614441,0.11839800328016281,287886,0.0,0.0
2023-07-28 00:00:00+00:00,0.11839000135660172,0.12264499813318253,0.11808600276708603,0.12232200056314468,463629,0.0,0.0
2023-07-29 00:00:00+00:00,0.12231799960136414,0.12425900250673294,0.11798500269651413,0.11925499886274338,218520,0.0,0.0
2023-07-30 00:00:00+00:00,0.11925599724054337,0.12629100680351257,0.11924800276756287,0.12005999684333801,205386,0.0,0.0
2023-07-31 00:00:00+00:00,0.12005800008773804,0.13320399820804596,0.11688700318336487,0.1280509978532791,189697,0.0,0.0
2023-08-01 00:00:00+00:00,0.12804700434207916,0.12863899767398834,0.11012899875640869,0.1161549985408783,296371,0.0,0.0
2023-08-02 00:00:00+00:00,0.11620499938726425,0.11972100287675858,0.11529800295829773,0.11740399897098541,361002,0.0,0.0
2023-08-03 00:00:00+00:00,0.11740700155496597,0.11766199767589569,0.11525700241327286,0.11560399830341339,175925,0.0,0.0
2023-08-04 00:00:00+00:00,0.11560200154781342,0.11772499978542328,0.11453799903392792,0.11508999764919281,177122,0.0,0.0
2023-08-05 00:00:00+00:00,0.1150910034775734,0.1163410022854805,0.11483500152826309,0.1161860004067421,175402,0.0,0.0
2023-08-06 00:00:00+00:00,0.11618699878454208,0.11699199676513672,0.11478199809789658,0.11500799655914307,175792,0.0,0.0
2023-08-07 00:00:00+00:00,0.11500799655914307,0.12603700160980225,0.11447899788618088,0.11531899869441986,176536,0.0,0.0
2023-08-08 00:00:00+00:00,0.115276999771595,0.12497500330209732,0.11509300023317337,0.11745700240135193,183929,0.0,0.0
2023-08-09 00:00:00+00:00,0.1174589991569519,0.11949300020933151,0.11677499860525131,0.11730899661779404,179792,0.0,0.0
2023-08-10 00:00:00+00:00,0.11730500310659409,0.117917999625206,0.11698900163173676,0.11700200289487839,175290,0.0,0.0
2023-08-11 00:00:00+00:00,0.11700599640607834,0.11817999929189682,0.11536599695682526,0.11574400216341019,177632,0.0,0.0
2023-08-12 00:00:00+00:00,0.11574400216341019,0.1179020032286644,0.11569900065660477,0.11596699804067612,175128,0.0,0.0
2023-08-13 00:00:00+00:00,0.11596699804067612,0.11760099977254868,0.11513300240039825,0.11572899669408798,178915,0.0,0.0
2023-08-14 00:00:00+00:00,0.11573100090026855,0.11761700361967087,0.11531099677085876,0.11647400259971619,174959,0.0,0.0
2023-08-15 00:00:00+00:00,0.11647500097751617,0.11651799827814102,0.11466500163078308,0.1150989979505539,175426,0.0,0.0
2023-08-16 00:00:00+00:00,0.11509999632835388,0.1163640022277832,0.11359400302171707,0.11359900236129761,174382,0.0,0.0
2023-08-17 00:00:00+00:00,0.11360900104045868,0.11373800039291382,0.10646399855613708,0.10750400274991989,164067,0.0,0.0
2023-08-18 00:00:00+00:00,0.10756099969148636,0.10799200087785721,0.10378699749708176,0.10475499927997589,157683,0.0,0.0
2023-08-19 00:00:00+00:00,0.1047540009021759,0.10872499644756317,0.10298299789428711,0.1064779981970787,159645,0.0,0.0
2023-08-20 00:00:00+00:00,0.10649099946022034,0.10699599981307983,0.10360799729824066,0.10673099756240845,164251,0.0,0.0
2023-08-21 00:00:00+00:00,0.1067269966006279,0.11189600080251694,0.09845999628305435,0.10437099635601044,142660,0.0,0.0
2023-08-22 00:00:00+00:00,0.10437099635601044,0.10440099984407425,0.1009100005030632,0.10417500138282776,157341,0.0,0.0
2023-08-23 00:00:00+00:00,0.10414200276136398,0.10613600164651871,0.10015500336885452,0.10521499812602997,160089,0.0,0.0
2023-08-24 00:00:00+00:00,0.10522399842739105,0.1055150032043457,0.10122299939393997,0.10267099738121033,181489,0.0,0.0
2023-08-25 00:00:00+00:00,0.10269100219011307,0.10490500181913376,0.10210099816322327,0.10416600108146667,186839,0.0,0.0
2023-08-26 00:00:00+00:00,0.10416500270366669,0.10438799858093262,0.10204699635505676,0.1022460013628006,256523,0.0,0.0
2023-08-27 00:00:00+00:00,0.10224500298500061,0.10542300343513489,0.10213100165128708,0.10272800177335739,262677,0.0,0.0
2023-08-28 00:00:00+00:00,0.10272900015115738,0.10474199801683426,0.1022460013628006,0.1044360026717186,262229,0.0,0.0
2023-08-29 00:00:00+00:00,0.10443399846553802,0.11021299660205841,0.10330399870872498,0.10886300355195999,296707,0.0,0.0
2023-08-30 00:00:00+00:00,0.10885600000619888,0.10891799628734589,0.10685300081968307,0.10742799937725067,275446,0.0,0.0
2023-08-31 00:00:00+00:00,0.10742399841547012,0.10971000045537949,0.10298500210046768,0.10373300313949585,262700,0.0,0.0
2023-09-01 00:00:00+00:00,0.10369300097227097,0.10452999919652939,0.10151199996471405,0.1031859964132309,259985,0.0,0.0
2023-09-02 00:00:00+00:00,0.1031859964132309,0.10777200013399124,0.09906899929046631,0.1055150032043457,260968,0.0,0.0
2023-09-03 00:00:00+00:00,0.10551799833774567,0.10572300106287003,0.10065499693155289,0.10104800015687943,232387,0.0,0.0
2023-09-04 00:00:00+00:00,0.10104700177907944,0.10634700208902359,0.10079699754714966,0.10205599665641785,234315,0.0,0.0
2023-09-05 00:00:00+00:00,0.1020599976181984,0.1042260006070137,0.09955800324678421,0.10399000346660614,230319,0.0,0.0
2023-09-06 00:00:00+00:00,0.10399699956178665,0.10437499731779099,0.10128200054168701,0.10377299785614014,229011,0.0,0.0
2023-09-07 00:00:00+00:00,0.10379499942064285,0.10567999631166458,0.10304400324821472,0.1049100011587143,233856,0.0,0.0
2023-09-08 00:00:00+00:00,0.10491400212049484,0.10747700184583664,0.10309000313282013,0.10362599790096283,234142,0.0,0.0
2023-09-09 00:00:00+00:00,0.1036280021071434,0.10363099724054337,0.1016559973359108,0.10339900106191635,230353,0.0,0.0
2023-09-10 00:00:00+00:00,0.1034030020236969,0.10340400040149689,0.10136699676513672,0.10205499827861786,230967,0.0,0.0
2023-09-11 00:00:00+00:00,0.10204999893903732,0.10213299840688705,0.09968599677085876,0.10065899789333344,226578,0.0,0.0
2023-09-12 00:00:00+00:00,0.10065799951553345,0.10466700047254562,0.10051299631595612,0.10193300247192383,232178,0.0,0.0
2023-09-13 00:00:00+00:00,0.10193599760532379,0.1044360026717186,0.10180000215768814,0.10388500243425369,235711,0.0,0.0
2023-09-14 00:00:00+00:00,0.10388699918985367,0.10655199736356735,0.1036750003695488,0.10614100098609924,235014,0.0,0.0
2023-09-15 00:00:00+00:00,0.10613899677991867,0.10664699971675873,0.10293299704790115,0.10486099869012833,237225,0.0,0.0
2023-09-16 00:00:00+00:00,0.10485299676656723,0.10524500161409378,0.10451199859380722,0.10473699867725372,236077,0.0,0.0
2023-09-17 00:00:00+00:00,0.10473600029945374,0.10650300234556198,0.10444899648427963,0.10614299774169922,237069,0.0,0.0
2023-09-18 00:00:00+00:00,0.1061440035700798,0.11323799937963486,0.10432600229978561,0.10494499653577805,238690,0.0,0.0
2023-09-19 00:00:00+00:00,0.10495000332593918,0.11265099793672562,0.10476700216531754,0.11150100082159042,251323,0.0,0.0
2023-09-20 00:00:00+00:00,0.11150600016117096,0.11339200288057327,0.1083960011601448,0.11228899657726288,242776,0.0,0.0
2023-09-21 00:00:00+00:00,0.1122869998216629,0.11231900006532669,0.1041560024023056,0.10903999954462051,237574,0.0,0.0
2023-09-22 00:00:00+00:00,0.10903999954462051,0.10941500216722488,0.1046300008893013,0.1089949980378151,236069,0.0,0.0
2023-09-23 00:00:00+00:00,0.1089939996600151,0.10906700044870377,0.1051580011844635,0.10881000012159348,236029,0.0,0.0
2023-09-24 00:00:00+00:00,0.10881000012159348,0.10886699706315994,0.10500799864530563,0.1077750027179718,234514,0.0,0.0
2023-09-25 00:00:00+00:00,0.10777399688959122,0.10798600316047668,0.10380099713802338,0.10434599965810776,233763,0.0,0.0
2023-09-26 00:00:00+00:00,0.10434000194072723,0.10510200262069702,0.10301200300455093,0.10316900163888931,233698,0.0,0.0
2023-09-27 00:00:00+00:00,0.10318300127983093,0.10486800223588943,0.10228999704122543,0.10342100262641907,263364,0.0,0.0
2023-09-28 00:00:00+00:00,0.10342200100421906,0.10611200332641602,0.10335999727249146,0.10563000291585922,240989,0.0,0.0
2023-09-29 00:00:00+00:00,0.10563100129365921,0.10863800346851349,0.10484100133180618,0.1052670031785965,240366,0.0,0.0
2023-09-30 00:00:00+00:00,0.10526999831199646,0.10986500233411789,0.10523500293493271,0.10866200178861618,240668,0.0,0.0
2023-10-01 00:00:00+00:00,0.1086530014872551,0.11068300157785416,0.10814200341701508,0.11068300157785416,249221,0.0,0.0
2023-10-02 00:00:00+00:00,0.11069200187921524,0.11365099996328354,0.10994300246238708,0.11102300137281418,248332,0.0,0.0
2023-10-03 00:00:00+00:00,0.11097200214862823,0.11127199977636337,0.10778599977493286,0.10939399898052216,245053,0.0,0.0
2023-10-04 00:00:00+00:00,0.1093979999423027,0.1113160029053688,0.10894700139760971,0.11115600168704987,247311,0.0,0.0
2023-10-05 00:00:00+00:00,0.11116600036621094,0.11236000061035156,0.10893800109624863,0.10967300087213516,244666,0.0,0.0
2023-10-06 00:00:00+00:00,0.10961700230836868,0.11268799751996994,0.10899300128221512,0.11176999658346176,344703,0.0,0.0
2023-10-07 00:00:00+00:00,0.11172299832105637,0.11242099851369858,0.11135900020599365,0.1119920015335083,342754,0.0,0.0
2023-10-08 00:00:00+00:00,0.11199700087308884,0.11251000314950943,0.1111219972372055,0.11180300265550613,343791,0.0,0.0
2023-10-09 00:00:00+00:00,0.11179599910974503,0.11196999996900558,0.10931400209665298,0.11033999919891357,342141,0.0,0.0
2023-10-10 00:00:00+00:00,0.1103380024433136,0.11099299788475037,0.10807999968528748,0.10954599827528,337718,0.0,0.0
2023-10-11 00:00:00+00:00,0.10954499989748001,0.1099419966340065,0.10610300302505493,0.10736899822950363,331791,0.0,0.0
2023-10-12 00:00:00+00:00,0.10736099630594254,0.10772400349378586,0.10597000271081924,0.10694000124931335,338667,0.0,0.0
2023-10-13 00:00:00+00:00,0.1069360002875328,0.10834100097417831,0.1056390032172203,0.10739099979400635,330516,0.0,0.0
2023-10-14 00:00:00+00:00,0.10740499943494797,0.10803300142288208,0.10710900276899338,0.10739000141620636,330619,0.0,0.0
2023-10-15 00:00:00+00:00,0.10738799721002579,0.1091649979352951,0.10716100037097931,0.10869999974966049,337296,0.0,0.0
2023-10-16 00:00:00+00:00,0.10870099812746048,0.11730799823999405,0.10845299810171127,0.1141429990530014,351328,0.0,0.0
2023-10-17 00:00:00+00:00,0.11412700265645981,0.1144929975271225,0.11232700198888779,0.11375900357961655,348643,0.0,0.0
2023-10-18 00:00:00+00:00,0.11376199871301651,0.11533799767494202,0.11260300129652023,0.1132040023803711,346003,0.0,0.0
2023-10-19 00:00:00+00:00,0.11320500075817108,0.11550299823284149,0.11271700263023376,0.11479400098323822,347826,0.0,0.0
2023-10-20 00:00:00+00:00,0.11478599905967712,0.12032300233840942,0.11433099955320358,0.11872400343418121,357995,0.0,0.0
2023-10-21 00:00:00+00:00,0.11876700073480606,0.12095300108194351,0.11782599985599518,0.11953900009393692,339532,0.0,0.0
2023-10-22 00:00:00+00:00,0.11954999715089798,0.1207209974527359,0.11870700120925903,0.11993300169706345,361052,0.0,0.0
2023-10-23 00:00:00+00:00,0.12046299874782562,0.13523699343204498,0.12043000012636185,0.13202999532222748,389619,0.0,0.0
2023-10-24 00:00:00+00:00,0.13214300572872162,0.14038899540901184,0.131523996591568,0.13548000156879425,413342,0.0,0.0
2023-10-25 00:00:00+00:00,0.13552400469779968,0.14050300419330597,0.13505400717258453,0.13807499408721924,408893,0.0,0.0
2023-10-26 00:00:00+00:00,0.13810700178146362,0.1393519937992096,0.1343899965286255,0.13664700090885162,407368,0.0,0.0
2023-10-27 00:00:00+00:00,0.1366479992866516,0.13698500394821167,0.1336980015039444,0.1357319951057434,455162,0.0,0.0
2023-10-28 00:00:00+00:00,0.13572899997234344,0.13748699426651,0.1354140043258667,0.1363680064678192,474179,0.0,0.0
2023-10-29 00:00:00+00:00,0.13636599481105804,0.13895900547504425,0.13576099276542664,0.13815100491046906,426157,0.0,0.0
2023-10-30 00:00:00+00:00,0.13816800713539124,0.13941599428653717,0.13658200204372406,0.1380929946899414,234451,0.0,0.0
2023-10-31 00:00:00+00:00,0.13806700706481934,0.13882799446582794,0.13641299307346344,0.1386139988899231,227665,0.0,0.0
2023-11-01 00:00:00+00:00,0.13862000405788422,0.14206500351428986,0.1367190033197403,0.14176400005817413,232892,0.0,0.0
2023-11-02 00:00:00+00:00,0.1418060064315796,0.14367300271987915,0.1377740055322647,0.139724999666214,247695,0.0,0.0
2023-11-03 00:00:00+00:00,0.13971899449825287,0.1397940069437027,0.13648200035095215,0.13902899622917175,243239,0.0,0.0
2023-11-04 00:00:00+00:00,0.13903799653053284,0.1411219984292984,0.13832899928092957,0.14015699923038483,237290,0.0,0.0
2023-11-05 00:00:00+00:00,0.14016400277614594,0.14139699935913086,0.13833799958229065,0.14023900032043457,243050,0.0,0.0
2023-11-06 00:00:00+00:00,0.14022700488567352,0.14122100174427032,0.13888299465179443,0.14021499454975128,242160,0.0,0.0
2023-11-07 00:00:00+00:00,0.1402059942483902,0.14360900223255157,0.13818000257015228,0.1416649967432022,249089,0.0,0.0
2023-11-08 00:00:00+00:00,0.1416569948196411,0.14354799687862396,0.1405629962682724,0.14290300011634827,245810,0.0,0.0
2023-11-09 00:00:00+00:00,0.14267900586128235,0.14892899990081787,0.142412006855011,0.1454789936542511,255651,0.0,0.0
2023-11-10 00:00:00+00:00,0.1454090029001236,0.14987699687480927,0.14461399614810944,0.14920799434185028,257927,0.0,0.0
2023-11-11 00:00:00+00:00,0.14916400611400604,0.14965400099754333,0.14715099334716797,0.148376002907753,257779,0.0,0.0
2023-11-12 00:00:00+00:00,0.1483830064535141,0.14892299473285675,0.1471550017595291,0.14818799495697021,250088,0.0,0.0
2023-11-13 00:00:00+00:00,0.14824800193309784,0.14957700669765472,0.14552000164985657,0.14611299335956573,255370,0.0,0.0
2023-11-14 00:00:00+00:00,0.14606699347496033,0.14711199700832367,0.14071999490261078,0.14216800034046173,252275,0.0,0.0
2023-11-15 00:00:00+00:00,0.14216800034046173,0.1496790051460266,0.141417995095253,0.14958299696445465,255074,0.0,0.0
2023-11-16 00:00:00+00:00,0.14944499731063843,0.1503780037164688,0.14223000407218933,0.1447560042142868,259168,0.0,0.0
2023-11-17 00:00:00+00:00,0.14469300210475922,0.14675399661064148,0.14356300234794617,0.14609099924564362,249101,0.0,0.0
2023-11-18 00:00:00+00:00,0.146139994263649,0.14733700454235077,0.14497199654579163,0.14637500047683716,246700,0.0,0.0
2023-11-19 00:00:00+00:00,0.1464260071516037,0.1500760018825531,0.14560699462890625,0.14955799281597137,253678,0.0,0.0
2023-11-20 00:00:00+00:00,0.14956200122833252,0.15097400546073914,0.14773599803447723,0.1499370038509369,255182,0.0,0.0
2023-11-21 00:00:00+00:00,0.14993199706077576,0.1505649983882904,0.14328999817371368,0.14328999817371368,247663,0.0,0.0
2023-11-22 00:00:00+00:00,0.14330600202083588,0.1511390060186386,0.14312799274921417,0.14940199255943298,255232,0.0,0.0
2023-11-23 00:00:00+00:00,0.14938899874687195,0.15011100471019745,0.14756900072097778,0.14888200163841248,250677,0.0,0.0
2023-11-24 00:00:00+00:00,0.14882899820804596,0.1521269977092743,0.14878100156784058,0.1504400074481964,255384,0.0,0.0
2023-11-25 00:00:00+00:00,0.15043899416923523,0.15116000175476074,0.14910300076007843,0.15045200288295746,253652,0.0,0.0
2023-11-26 00:00:00+00:00,0.15045100450515747,0.15073899924755096,0.14824999868869781,0.14990299940109253,255562,0.0,0.0
2023-11-27 00:00:00+00:00,0.1498969942331314,0.15032100677490234,0.1469700038433075,0.1488800048828125,251151,0.0,0.0
2023-11-28 00:00:00+00:00,0.14890100061893463,0.1532279998064041,0.1475449949502945,0.15137900412082672,256448,0.0,0.0
2023-11-29 00:00:00+00:00,0.15142500400543213,0.15331800282001495,0.1503780037164688,0.15147100389003754,260902,0.0,0.0
2023-11-30 00:00:00+00:00,0.1514820009469986,0.15269100666046143,0.15003100037574768,0.15082600712776184,258706,0.0,0.0
2023-12-01 00:00:00+00:00,0.15082600712776184,0.15579000115394592,0.15046699345111847,0.15483400225639343,264591,0.0,0.0
2023-12-02 00:00:00+00:00,0.15482400357723236,0.15826599299907684,0.15455099940299988,0.15796199440956116,264244,0.0,0.0
2023-12-03 00:00:00+00:00,0.15798500180244446,0.1652500033378601,0.15729600191116333,0.15980400145053864,208669,0.0,0.0
2023-12-04 00:00:00+00:00,0.15979699790477753,0.16925500333309174,0.15977899730205536,0.16631099581718445,253729,0.0,0.0
2023-12-05 00:00:00+00:00,0.1663389950990677,0.1774439960718155,0.16567599773406982,0.17636500298976898,279704,0.0,0.0
2023-12-06 00:00:00+00:00,0.17625999450683594,0.17703799903392792,0.1737920045852661,0.17499299347400665,282535,0.0,0.0
2023-12-07 00:00:00+00:00,0.17499500513076782,0.17619499564170837,0.17186999320983887,0.17315100133419037,274961,0.0,0.0
2023-12-08 00:00:00+00:00,0.17318199574947357,0.17861899733543396,0.17181700468063354,0.17666099965572357,287300,0.0,0.0
2023-12-09 00:00:00+00:00,0.17665499448776245,0.1775510013103485,0.17458899319171906,0.17476299405097961,282363,0.0,0.0
2023-12-10 00:00:00+00:00,0.17478400468826294,0.17639100551605225,0.17429600656032562,0.17502500116825104,281504,0.0,0.0
2023-12-11 00:00:00+00:00,0.17502300441265106,0.17523199319839478,0.16120299696922302,0.16501399874687195,273246,0.0,0.0
2023-12-12 00:00:00+00:00,0.1650169938802719,0.16825200617313385,0.1627819985151291,0.16598600149154663,267331,0.0,0.0
2023-12-13 00:00:00+00:00,0.16593599319458008,0.17335399985313416,0.1625789999961853,0.1714469939470291,268942,0.0,0.0
2023-12-14 00:00:00+00:00,0.17143599689006805,0.17332400381565094,0.167820006608963,0.17211000621318817,276724,0.0,0.0
2023-12-15 00:00:00+00:00,0.1721230000257492,0.1724420040845871,0.16692200303077698,0.16787399351596832,271462,0.0,0.0
2023-12-16 00:00:00+00:00,0.16786900162696838,0.171657994389534,0.16676700115203857,0.16904300451278687,323892,0.0,0.0
2023-12-17 00:00:00+00:00,0.16904300451278687,0.41432899236679077,0.16418200731277466,0.16781899333000183,2727126,0.0,0.0
2023-12-18 00:00:00+00:00,0.16743800044059753,0.17038199305534363,0.15471899509429932,0.16959400475025177,590245,0.0,0.0
2023-12-19 00:00:00+00:00,0.16958999633789062,0.1808760017156601,0.16428600251674652,0.16908299922943115,251764,0.0,0.0
2023-12-20 00:00:00+00:00,0.1690780073404312,0.17813900113105774,0.1688690036535263,0.17460499703884125,301942,0.0,0.0
2023-12-21 00:00:00+00:00,0.17463000118732452,0.17702199518680573,0.17229899764060974,0.17538799345493317,309470,0.0,0.0
2023-12-22 00:00:00+00:00,0.17538100481033325,0.17711800336837769,0.1584099978208542,0.1626809984445572,335460,0.0,0.0
2023-12-23 00:00:00+00:00,0.16267900168895721,0.1628360003232956,0.14751699566841125,0.14871099591255188,235202,0.0,0.0
2023-12-24 00:00:00+00:00,0.14869199693202972,0.14962300658226013,0.14544300734996796,0.14625799655914307,266148,0.0,0.0
2023-12-25 00:00:00+00:00,0.14626799523830414,0.15497800707817078,0.14545199275016785,0.1482280045747757,263978,0.0,0.0
2023-12-26 00:00:00+00:00,0.14819200336933136,0.14839300513267517,0.1421869993209839,0.14465199410915375,243108,0.0,0.0
2023-12-27 00:00:00+00:00,0.14464500546455383,0.14830900728702545,0.1432960033416748,0.14759600162506104,256067,0.0,0.0
2023-12-28 00:00:00+00:00,0.14764800667762756,0.14875000715255737,0.14349700510501862,0.14510199427604675,263201,0.0,0.0
2023-12-29 00:00:00+00:00,0.14513400197029114,0.14656199514865875,0.14147800207138062,0.14310500025749207,291081,0.0,0.0
2023-12-30 00:00:00+00:00,0.14311499893665314,0.1448799967765808,0.14126700162887573,0.1435759961605072,254999,0.0,0.0
2023-12-31 00:00:00+00:00,0.14343099296092987,0.15373800694942474,0.14231200516223907,0.14364099502563477,247584,0.0,0.0
2024-01-01 00:00:00+00:00,0.14365500211715698,0.15026499330997467,0.1434900015592575,0.15014299750328064,266435,0.0,0.0
2024-01-02 00:00:00+00:00,0.15019099414348602,0.15713299810886383,0.15003299713134766,0.15300899744033813,389879,0.0,0.0
2024-01-03 00:00:00+00:00,0.15298600494861603,0.1547130048274994,0.14160999655723572,0.14557600021362305,370224,0.0,0.0
2024-01-04 00:00:00+00:00,0.14556699991226196,0.1471019983291626,0.13171899318695068,0.13716399669647217,325607,0.0,0.0
2024-01-05 00:00:00+00:00,0.13708500564098358,0.13754500448703766,0.13286399841308594,0.13689999282360077,270557,0.0,0.0
2024-01-06 00:00:00+00:00,0.1368899941444397,0.1371760070323944,0.1346919983625412,0.13633599877357483,264462,0.0,0.0
2024-01-07 00:00:00+00:00,0.13638199865818024,0.13800999522209167,0.1354150027036667,0.1361130028963089,261798,0.0,0.0
2024-01-08 00:00:00+00:00,0.13615399599075317,0.14629200100898743,0.13399499654769897,0.14547200500965118,271059,0.0,0.0
2024-01-09 00:00:00+00:00,0.14553900063037872,0.14765700697898865,0.1407029926776886,0.1430100053548813,274259,0.0,0.0
2024-01-10 00:00:00+00:00,0.1430860012769699,0.14766499400138855,0.13815900683403015,0.14459900557994843,249954,0.0,0.0
2024-01-11 00:00:00+00:00,0.14459900557994843,0.15174800157546997,0.14159099757671356,0.14370399713516235,264126,0.0,0.0
2024-01-12 00:00:00+00:00,0.14362600445747375,0.14413300156593323,0.129940003156662,0.1330540031194687,248263,0.0,0.0
2024-01-13 00:00:00+00:00,0.13307799398899078,0.13620799779891968,0.1316159963607788,0.13262000679969788,275040,0.0,0.0
2024-01-14 00:00:00+00:00,0.13262200355529785,0.13537099957466125,0.12947499752044678,0.12948599457740784,276017,0.0,0.0
2024-01-15 00:00:00+00:00,0.1294810026884079,0.134225994348526,0.1292639970779419,0.1318580061197281,263990,0.0,0.0
2024-01-16 00:00:00+00:00,0.1318189948797226,0.13548700511455536,0.13080699741840363,0.1336359977722168,235594,0.0,0.0
2024-01-17 00:00:00+00:00,0.13369999825954437,0.13391099870204926,0.13076099753379822,0.13244199752807617,221998,0.0,0.0
2024-01-18 00:00:00+00:00,0.13244499266147614,0.13314999639987946,0.12615300714969635,0.1278569996356964,222009,0.0,0.0
2024-01-19 00:00:00+00:00,0.1278589963912964,0.13556300103664398,0.12490399926900864,0.12885600328445435,221026,0.0,0.0
2024-01-20 00:00:00+00:00,0.12884299457073212,0.13239599764347076,0.1270270049571991,0.12912799417972565,273499,0.0,0.0
2024-01-21 00:00:00+00:00,0.1291230022907257,0.1307860016822815,0.12795600295066833,0.1286579966545105,275639,0.0,0.0
2024-01-22 00:00:00+00:00,0.1286650002002716,0.12938399612903595,0.12243399769067764,0.12252199649810791,259102,0.0,0.0
2024-01-23 00:00:00+00:00,0.12251999974250793,0.12446200102567673,0.11942800134420395,0.12358000129461288,255392,0.0,0.0
2024-01-24 00:00:00+00:00,0.12358000129461288,0.12537600100040436,0.12251099944114685,0.12423700094223022,256749,0.0,0.0
2024-01-25 00:00:00+00:00,0.12424799799919128,0.12486899644136429,0.12257300317287445,0.12368399649858475,254716,0.0,0.0
2024-01-26 00:00:00+00:00,0.12367700040340424,0.13084200024604797,0.1234079971909523,0.12982399761676788,266039,0.0,0.0
2024-01-27 00:00:00+00:00,0.12982399761676788,0.1320669949054718,0.12851999700069427,0.13065500557422638,266940,0.0,0.0
2024-01-28 00:00:00+00:00,0.1296509951353073,0.1329600065946579,0.1292330026626587,0.13028499484062195,280667,0.0,0.0
2024-01-29 00:00:00+00:00,0.13029299676418304,0.13430899381637573,0.1296360045671463,0.13409599661827087,273820,0.0,0.0
2024-01-30 00:00:00+00:00,0.13410599529743195,0.1378290057182312,0.13249699771404266,0.13312000036239624,274454,0.0,0.0
2024-01-31 00:00:00+00:00,0.13312000036239624,0.13544799387454987,0.13121899962425232,0.13180099427700043,265914,0.0,0.0
2024-02-01 00:00:00+00:00,0.1318179965019226,0.1340239942073822,0.12971000373363495,0.1335279941558838,265186,0.0,0.0
2024-02-02 00:00:00+00:00,0.1335339993238449,0.13458499312400818,0.1320119947195053,0.13388000428676605,269885,0.0,0.0
2024-02-03 00:00:00+00:00,0.13387499749660492,0.1345749944448471,0.13292500376701355,0.1332249939441681,266493,0.0,0.0
2024-02-04 00:00:00+00:00,0.13322800397872925,0.1336980015039444,0.13162100315093994,0.13197200000286102,261454,0.0,0.0
2024-02-05 00:00:00+00:00,0.1319810003042221,0.13490700721740723,0.13108399510383606,0.13217200338840485,264141,0.0,0.0
2024-02-06 00:00:00+00:00,0.13217100501060486,0.1344130039215088,0.13177399337291718,0.13342200219631195,267900,0.0,0.0
2024-02-07 00:00:00+00:00,0.13343499600887299,0.1374090015888214,0.1325960010290146,0.13739199936389923,277156,0.0,0.0
2024-02-08 00:00:00+00:00,0.1374640017747879,0.1437460035085678,0.13734200596809387,0.14040499925613403,280432,0.0,0.0
2024-02-09 00:00:00+00:00,0.14040499925613403,0.14905700087547302,0.1402910053730011,0.14609099924564362,298056,0.0,0.0
2024-02-10 00:00:00+00:00,0.14608700573444366,0.14914700388908386,0.14536699652671814,0.14818699657917023,313207,0.0,0.0
2024-02-11 00:00:00+00:00,0.14813099801540375,0.15266300737857819,0.1475369930267334,0.14957299828529358,331940,0.0,0.0
2024-02-12 00:00:00+00:00,0.14962199330329895,0.15588299930095673,0.14800499379634857,0.15508300065994263,310605,0.0,0.0
2024-02-13 00:00:00+00:00,0.15495499968528748,0.15581800043582916,0.15017999708652496,0.15405799448490143,307162,0.0,0.0
2024-02-14 00:00:00+00:00,0.1541289985179901,0.1615390032529831,0.15278899669647217,0.1605300009250641,308654,0.0,0.0
2024-02-15 00:00:00+00:00,0.16052700579166412,0.16361099481582642,0.15789400041103363,0.16105400025844574,303714,0.0,0.0
2024-02-16 00:00:00+00:00,0.16105200350284576,0.1627510040998459,0.15974099934101105,0.16166900098323822,298646,0.0,0.0
2024-02-17 00:00:00+00:00,0.16165700554847717,0.16192500293254852,0.15707899630069733,0.16019700467586517,298065,0.0,0.0
2024-02-18 00:00:00+00:00,0.160194993019104,0.16233700513839722,0.15865500271320343,0.1614300012588501,295625,0.0,0.0
2024-02-19 00:00:00+00:00,0.16158799827098846,0.16282999515533447,0.16029800474643707,0.16038799285888672,299414,0.0,0.0
2024-02-20 00:00:00+00:00,0.1604900062084198,0.1639779955148697,0.15766599774360657,0.16187599301338196,304210,0.0,0.0
2024-02-21 00:00:00+00:00,0.16189900040626526,0.1623609960079193,0.15731599926948547,0.16062399744987488,301446,0.0,0.0
2024-02-22 00:00:00+00:00,0.16068300604820251,0.16125300526618958,0.1579670011997223,0.1590680032968521,291154,0.0,0.0
2024-02-23 00:00:00+00:00,0.15906299650669098,0.16018900275230408,0.15688499808311462,0.1574299931526184,297245,0.0,0.0
2024-02-24 00:00:00+00:00,0.15742699801921844,0.16172300279140472,0.15679599344730377,0.15978699922561646,299284,0.0,0.0
2024-02-25 00:00:00+00:00,0.15971900522708893,0.16101300716400146,0.15857400000095367,0.16047599911689758,301914,0.0,0.0
2024-02-26 00:00:00+00:00,0.1605360060930252,0.1700509935617447,0.1579190045595169,0.16901199519634247,310064,0.0,0.0
2024-02-27 00:00:00+00:00,0.16901500523090363,0.1780329942703247,0.1688379943370819,0.1767980009317398,329521,0.0,0.0
2024-02-28 00:00:00+00:00,0.17688800394535065,0.197161003947258,0.17592200636863708,0.19389000535011292,351714,0.0,0.0
2024-02-29 00:00:00+00:00,0.19387400150299072,0.19710999727249146,0.18429599702358246,0.18992799520492554,350546,0.0,0.0
2024-03-01 00:00:00+00:00,0.18982000648975372,0.19535399973392487,0.1884550005197525,0.19351999461650848,349694,0.0,0.0
2024-03-02 00:00:00+00:00,0.1935259997844696,0.19381499290466309,0.19077099859714508,0.19238799810409546,346522,0.0,0.0
2024-03-03 00:00:00+00:00,0.19235999882221222,0.1961050033569336,0.18633399903774261,0.19577600061893463,367059,0.0,0.0
2024-03-04 00:00:00+00:00,0.19578200578689575,0.21333399415016174,0.1947689950466156,0.21194900572299957,306548,0.0,0.0
2024-03-05 00:00:00+00:00,0.21194100379943848,0.21359899640083313,0.1878339946269989,0.1979610025882721,342410,0.0,0.0
2024-03-06 00:00:00+00:00,0.19779199361801147,0.2094220072031021,0.19495999813079834,0.2049569934606552,352213,0.0,0.0
2024-03-07 00:00:00+00:00,0.2049569934606552,0.21097500622272491,0.20310799777507782,0.2075369954109192,362320,0.0,0.0
2024-03-08 00:00:00+00:00,0.20744800567626953,0.21593500673770905,0.2056339979171753,0.212008997797966,368949,0.0,0.0
2024-03-09 00:00:00+00:00,0.21187299489974976,0.2131890058517456,0.2106499969959259,0.21240699291229248,366993,0.0,0.0
2024-03-10 00:00:00+00:00,0.21240900456905365,0.21760599315166473,0.21200500428676605,0.21387900412082672,378143,0.0,0.0
2024-03-11 00:00:00+00:00,0.21382200717926025,0.2256930023431778,0.20986899733543396,0.2236119955778122,386027,0.0,0.0
2024-03-12 00:00:00+00:00,0.22354300320148468,0.2254749983549118,0.21355000138282776,0.22140899300575256,383005,0.0,0.0
2024-03-13 00:00:00+00:00,0.22147700190544128,0.2282789945602417,0.2212029993534088,0.22660000622272491,394191,0.0,0.0
2024-03-14 00:00:00+00:00,0.22660000622272491,0.22872699797153473,0.2128099948167801,0.2216009944677353,388894,0.0,0.0
2024-03-15 00:00:00+00:00,0.2216009944677353,0.22424200177192688,0.2050970047712326,0.2152779996395111,375481,0.0,0.0
2024-03-16 00:00:00+00:00,0.215146005153656,0.217398002743721,0.2019049972295761,0.20250000059604645,360312,0.0,0.0
2024-03-17 00:00:00+00:00,0.20249700546264648,0.2133910059928894,0.1991109997034073,0.21181899309158325,368665,0.0,0.0
2024-03-18 00:00:00+00:00,0.21188600361347198,0.21529999375343323,0.20577199757099152,0.20950299501419067,372860,0.0,0.0
2024-03-19 00:00:00+00:00,0.20950299501419067,0.2110069990158081,0.1901959925889969,0.19181199371814728,358724,0.0,0.0
2024-03-20 00:00:00+00:00,0.19187599420547485,0.21092699468135834,0.18819600343704224,0.21064500510692596,365013,0.0,0.0
2024-03-21 00:00:00+00:00,0.2107129991054535,0.21111899614334106,0.2003919929265976,0.20276500284671783,363481,0.0,0.0
2024-03-22 00:00:00+00:00,0.20278500020503998,0.4931119978427887,0.17699599266052246,0.1972620040178299,2457517,0.0,0.0
2024-03-23 00:00:00+00:00,0.19730399549007416,0.20486900210380554,0.1939529925584793,0.19840100407600403,617694,0.0,0.0
2024-03-24 00:00:00+00:00,0.198294997215271,0.2094929963350296,0.19526299834251404,0.20861299335956573,429113,0.0,0.0
2024-03-25 00:00:00+00:00,0.20859499275684357,0.22011500597000122,0.20531800389289856,0.216730996966362,417968,0.0,0.0
2024-03-26 00:00:00+00:00,0.216730996966362,0.22173699736595154,0.21450099349021912,0.2171570062637329,395363,0.0,0.0
2024-03-27 00:00:00+00:00,0.2171570062637329,0.22177299857139587,0.21198299527168274,0.21534599363803864,389151,0.0,0.0
2024-03-28 00:00:00+00:00,0.21534599363803864,0.22165800631046295,0.21318399906158447,0.21932700276374817,388972,0.0,0.0
2024-03-29 00:00:00+00:00,0.21932700276374817,0.21990500390529633,0.21391800045967102,0.21660999953746796,379165,0.0,0.0
2024-03-30 00:00:00+00:00,0.21660999953746796,0.2180500030517578,0.21491600573062897,0.21593700349330902,364416,0.0,0.0
2024-03-31 00:00:00+00:00,0.21594299376010895,0.2211959958076477,0.2149360030889511,0.2211959958076477,416716,0.0,0.0
2024-04-01 00:00:00+00:00,0.22119200229644775,0.22119200229644775,0.21163299679756165,0.21620699763298035,382923,0.0,0.0
2024-04-02 00:00:00+00:00,0.21620599925518036,0.21620899438858032,0.20046299695968628,0.20301799476146698,371624,0.0,0.0
2024-04-03 00:00:00+00:00,0.20301799476146698,0.2071399986743927,0.20048199594020844,0.20479600131511688,380795,0.0,0.0
2024-04-04 00:00:00+00:00,0.20479600131511688,0.21433700621128082,0.2020380049943924,0.21244299411773682,393735,0.0,0.0
2024-04-05 00:00:00+00:00,0.21245600283145905,0.21297700703144073,0.2011760026216507,0.21041299402713776,402124,0.0,0.0
2024-04-06 00:00:00+00:00,0.21041299402713776,0.2157669961452484,0.2092979997396469,0.21366600692272186,416724,0.0,0.0
2024-04-07 00:00:00+00:00,0.21359899640083313,0.21925200521945953,0.21116599440574646,0.21526600420475006,483509,0.0,0.0
2024-04-08 00:00:00+00:00,0.21526600420475006,0.22615699470043182,0.21378499269485474,0.22217600047588348,495309,0.0,0.0
2024-04-09 00:00:00+00:00,0.22217600047588348,0.22272899746894836,0.21025599539279938,0.21437300741672516,450740,0.0,0.0
2024-04-10 00:00:00+00:00,0.2143069952726364,0.22021999955177307,0.2094459980726242,0.21874800324440002,410834,0.0,0.0
2024-04-11 00:00:00+00:00,0.21874800324440002,0.2214449942111969,0.21574699878692627,0.21716099977493286,403183,0.0,0.0
2024-04-12 00:00:00+00:00,0.21716099977493286,0.22129499912261963,0.2048559933900833,0.20830599963665009,393138,0.0,0.0
2024-04-13 00:00:00+00:00,0.20830599963665009,0.21223199367523193,0.19093699753284454,0.19862699508666992,554728,0.0,0.0
2024-04-14 00:00:00+00:00,0.19862699508666992,0.573652982711792,0.17777299880981445,0.20359300076961517,4015925,0.0,0.0
2024-04-15 00:00:00+00:00,0.20359300076961517,0.20597000420093536,0.17902199923992157,0.1904119998216629,412859,0.0,0.0
2024-04-16 00:00:00+00:00,0.1904119998216629,0.19309300184249878,0.16651000082492828,0.17364700138568878,101219,0.0,0.0
2024-04-17 00:00:00+00:00,0.17364299297332764,0.19965800642967224,0.17355799674987793,0.19016799330711365,402534,0.0,0.0
2024-04-18 00:00:00+00:00,0.19016799330711365,0.19946600496768951,0.18758800625801086,0.19695499539375305,372775,0.0,0.0
2024-04-19 00:00:00+00:00,0.19695499539375305,0.20310600101947784,0.18573899567127228,0.1981240063905716,395426,0.0,0.0
2024-04-20 00:00:00+00:00,0.19812999665737152,0.20278100669384003,0.19498200714588165,0.20135700702667236,372925,0.0,0.0
2024-04-21 00:00:00+00:00,0.20135700702667236,0.20366300642490387,0.19941000640392303,0.20123200118541718,374254,0.0,0.0
2024-04-22 00:00:00+00:00,0.20119799673557281,0.20868000388145447,0.20021599531173706,0.20713600516319275,383655,0.0,0.0
2024-04-23 00:00:00+00:00,0.20713600516319275,0.20963899791240692,0.20408600568771362,0.20599399507045746,396974,0.0,0.0
2024-04-24 00:00:00+00:00,0.20599399507045746,0.21124500036239624,0.19563500583171844,0.19920599460601807,388842,0.0,0.0
2024-04-25 00:00:00+00:00,0.19921700656414032,0.2023009955883026,0.1940300017595291,0.19996300339698792,364908,0.0,0.0
2024-04-26 00:00:00+00:00,0.19996300339698792,0.20098400115966797,0.19557100534439087,0.1976660043001175,361707,0.0,0.0
2024-04-27 00:00:00+00:00,0.1976660043001175,0.19822999835014343,0.19365699589252472,0.1966329962015152,360352,0.0,0.0
2024-04-28 00:00:00+00:00,0.1966329962015152,0.20346200466156006,0.19458000361919403,0.19572299718856812,364446,0.0,0.0
2024-04-29 00:00:00+00:00,0.19572299718856812,0.19880299270153046,0.1915840059518814,0.19773399829864502,356543,0.0,0.0
2024-04-30 00:00:00+00:00,0.19774499535560608,0.2012310028076172,0.18347600102424622,0.18815399706363678,354321,0.0,0.0
2024-05-01 00:00:00+00:00,0.18815399706363678,0.18852199614048004,0.1756809949874878,0.18052099645137787,343597,0.0,0.0
2024-05-02 00:00:00+00:00,0.18052099645137787,0.18469199538230896,0.17688800394535065,0.18317100405693054,342373,0.0,0.0
2024-05-03 00:00:00+00:00,0.18317100405693054,0.19630199670791626,0.1821659952402115,0.1948689967393875,371431,0.0,0.0
2024-05-04 00:00:00+00:00,0.1948689967393875,0.19964300096035004,0.19408099353313446,0.19812500476837158,368157,0.0,0.0
2024-05-05 00:00:00+00:00,0.19812500476837158,0.20069700479507446,0.19519299268722534,0.1985979974269867,357789,0.0,0.0
2024-05-06 00:00:00+00:00,0.1985969990491867,0.20374000072479248,0.1948850005865097,0.19591699540615082,389051,0.0,0.0
2024-05-07 00:00:00+00:00,0.19591699540615082,0.1995829939842224,0.19285300374031067,0.19331200420856476,356299,0.0,0.0
2024-05-08 00:00:00+00:00,0.1933159977197647,0.1952030062675476,0.18862199783325195,0.18982400000095367,349048,0.0,0.0
2024-05-09 00:00:00+00:00,0.18982400000095367,0.19620700180530548,0.18740500509738922,0.19558599591255188,357883,0.0,0.0
2024-05-10 00:00:00+00:00,0.19559800624847412,0.19676999747753143,0.1868409961462021,0.18858499825000763,347037,0.0,0.0
2024-05-11 00:00:00+00:00,0.18858499825000763,0.1903579980134964,0.18753600120544434,0.18850399553775787,352997,0.0,0.0
2024-05-12 00:00:00+00:00,0.1885010004043579,0.19212700426578522,0.187609001994133,0.1906599998474121,350443,0.0,0.0
2024-05-13 00:00:00+00:00,0.1906599998474121,0.19658899307250977,0.18840600550174713,0.19501300156116486,356919,0.0,0.0
2024-05-14 00:00:00+00:00,0.19501300156116486,0.195701003074646,0.18943600356578827,0.1908150017261505,348150,0.0,0.0
2024-05-15 00:00:00+00:00,0.1908150017261505,0.20261099934577942,0.1894959956407547,0.2020680010318756,254119,0.0,0.0
2024-05-16 00:00:00+00:00,0.20208899676799774,0.20473100244998932,0.19991999864578247,0.20219199359416962,66451,0.0,0.0
2024-05-17 00:00:00+00:00,0.20219199359416962,0.21037200093269348,0.20115600526332855,0.20779399573802948,322555,0.0,0.0
2024-05-18 00:00:00+00:00,0.20779399573802948,0.21018700301647186,0.2056100070476532,0.20746099948883057,378369,0.0,0.0
2024-05-19 00:00:00+00:00,0.20746499300003052,0.209757000207901,0.20450499653816223,0.20547400414943695,362787,0.0,0.0
2024-05-20 00:00:00+00:00,0.20547400414943695,0.22148799896240234,0.20467700064182281,0.22133700549602509,387988,0.0,0.0
2024-05-21 00:00:00+00:00,0.22131100296974182,0.22247199714183807,0.2147189974784851,0.21745699644088745,396849,0.0,0.0
2024-05-22 00:00:00+00:00,0.21745699644088745,0.21883000433444977,0.21389299631118774,0.21427300572395325,421783,0.0,0.0
2024-05-23 00:00:00+00:00,0.21427300572395325,0.21930700540542603,0.20645500719547272,0.21055099368095398,416388,0.0,0.0
2024-05-24 00:00:00+00:00,0.21055099368095398,0.21449199318885803,0.20632100105285645,0.21244299411773682,415802,0.0,0.0
2024-05-25 00:00:00+00:00,0.21244899928569794,0.21654200553894043,0.21234799921512604,0.21471600234508514,422591,0.0,0.0
2024-05-26 00:00:00+00:00,0.21471600234508514,0.21517199277877808,0.21154700219631195,0.21231000125408173,420271,0.0,0.0
2024-05-27 00:00:00+00:00,0.21231000125408173,0.2188969999551773,0.21156899631023407,0.2151300013065338,532424,0.0,0.0
2024-05-28 00:00:00+00:00,0.2151300013065338,0.2153870016336441,0.20864099264144897,0.21166600286960602,582554,0.0,0.0
2024-05-29 00:00:00+00:00,0.21166600286960602,0.21450500190258026,0.20811200141906738,0.20954899489879608,436885,0.0,0.0
2024-05-30 00:00:00+00:00,0.20954899489879608,0.2154659926891327,0.2079939991235733,0.21201400458812714,410696,0.0,0.0
2024-05-31 00:00:00+00:00,0.21201400458812714,0.2145729959011078,0.2067060023546219,0.20933499932289124,418353,0.0,0.0
2024-06-01 00:00:00+00:00,0.20933499932289124,0.21102499961853027,0.20823100209236145,0.20988500118255615,419990,0.0,0.0
2024-06-02 00:00:00+00:00,0.20988500118255615,0.212009996175766,0.20865300297737122,0.2101210057735443,416258,0.0,0.0
2024-06-03 00:00:00+00:00,0.2101300060749054,0.21765899658203125,0.20955200493335724,0.21336400508880615,421481,0.0,0.0
2024-06-04 00:00:00+00:00,0.21336400508880615,0.22001299262046814,0.21180500090122223,0.21875900030136108,428696,0.0,0.0
2024-06-05 00:00:00+00:00,0.21875900030136108,0.22266800701618195,0.21835599839687347,0.2203799933195114,425176,0.0,0.0
2024-06-06 00:00:00+00:00,0.2203799933195114,0.22195999324321747,0.21759800612926483,0.21941299736499786,427360,0.0,0.0
2024-06-07 00:00:00+00:00,0.21940100193023682,0.22282500565052032,0.2130489945411682,0.21495799720287323,424370,0.0,0.0
2024-06-08 00:00:00+00:00,0.2148910015821457,0.21575699746608734,0.21402999758720398,0.21479499340057373,424816,0.0,0.0
2024-06-09 00:00:00+00:00,0.2147980034351349,0.21703700721263885,0.21297700703144073,0.21589599549770355,420830,0.0,0.0
2024-06-10 00:00:00+00:00,0.2158990055322647,0.2174990028142929,0.2143229991197586,0.21552400290966034,417464,0.0,0.0
2024-06-11 00:00:00+00:00,0.2155340015888214,0.2158910036087036,0.20439399778842926,0.2087170034646988,408749,0.0,0.0
2024-06-12 00:00:00+00:00,0.20872099697589874,0.21858499944210052,0.20750999450683594,0.21165800094604492,417181,0.0,0.0
2024-06-13 00:00:00+00:00,0.21167099475860596,0.212117001414299,0.20574599504470825,0.20697399973869324,557368,0.0,0.0
2024-06-14 00:00:00+00:00,0.20698100328445435,0.20853100717067719,0.20176799595355988,0.2049340009689331,1027708,0.0,0.0
2024-06-15 00:00:00+00:00,0.20493200421333313,0.20621399581432343,0.204244002699852,0.2051910012960434,1282871,0.0,0.0
2024-06-16 00:00:00+00:00,0.20520800352096558,0.20737400650978088,0.20462200045585632,0.2065420001745224,1411089,0.0,0.0
2024-06-17 00:00:00+00:00,0.20655299723148346,0.2082660049200058,0.20199400186538696,0.2061759978532791,1485410,0.0,0.0
2024-06-18 00:00:00+00:00,0.20610499382019043,0.20632900297641754,0.19864599406719208,0.2018900066614151,1471939,0.0,0.0
2024-06-19 00:00:00+00:00,0.20190800726413727,0.2036290019750595,0.20059999823570251,0.20130600035190582,1037955,0.0,0.0
2024-06-20 00:00:00+00:00,0.20130600035190582,0.20588800311088562,0.20005300641059875,0.20093600451946259,1242216,0.0,0.0
2024-06-21 00:00:00+00:00,0.20094600319862366,0.20148299634456635,0.19657699763774872,0.19861799478530884,1441875,0.0,0.0
2024-06-22 00:00:00+00:00,0.19866299629211426,0.1998240053653717,0.19817599654197693,0.19918599724769592,1458464,0.0,0.0
2024-06-23 00:00:00+00:00,0.19916799664497375,0.20305100083351135,0.19582499563694,0.19582499563694,1422302,0.0,0.0
2024-06-24 00:00:00+00:00,0.19578799605369568,0.1962140053510666,0.1817220002412796,0.18685699999332428,1669208,0.0,0.0
2024-06-25 00:00:00+00:00,0.18685199320316315,0.19302600622177124,0.1866379976272583,0.1915760040283203,1430611,0.0,0.0
2024-06-26 00:00:00+00:00,0.19153200089931488,0.19352200627326965,0.18818399310112,0.18852299451828003,1696684,0.0,0.0
2024-06-27 00:00:00+00:00,0.1885399967432022,0.1931149959564209,0.1878719925880432,0.190994992852211,2320960,0.0,0.0
2024-06-28 00:00:00+00:00,0.19101299345493317,0.19267599284648895,0.1860779970884323,0.1870030015707016,3679557,0.0,0.0
2024-06-29 00:00:00+00:00,0.18699200451374054,0.18940900266170502,0.1869029998779297,0.18876099586486816,3540702,0.0,0.0
2024-06-30 00:00:00+00:00,0.18875199556350708,0.19506199657917023,0.1879429966211319,0.19435399770736694,4608863,0.0,0.0
2024-07-01 00:00:00+00:00,0.19431400299072266,0.22325800359249115,0.1937980055809021,0.22003400325775146,5390152,0.0,0.0
2024-07-02 00:00:00+00:00,0.21996000409126282,0.2715170085430145,0.21475300192832947,0.266743004322052,4645852,0.0,0.0
2024-07-03 00:00:00+00:00,0.2667680084705353,0.3428170084953308,0.2667680084705353,0.3369770050048828,5872508,0.0,0.0
2024-07-04 00:00:00+00:00,0.3368690013885498,0.33826500177383423,0.3179680109024048,0.31942299008369446,7023290,0.0,0.0
2024-07-05 00:00:00+00:00,0.31935301423072815,0.3659130036830902,0.2823930084705353,0.2912839949131012,7879423,0.0,0.0
2024-07-06 00:00:00+00:00,0.29127800464630127,0.3262310028076172,0.29127800464630127,0.3256010115146637,6355860,0.0,0.0
2024-07-07 00:00:00+00:00,0.32559099793434143,0.37858501076698303,0.32557499408721924,0.3574880063533783,8243992,0.0,0.0
2024-07-08 00:00:00+00:00,0.35743099451065063,0.371845006942749,0.3477270007133484,0.36308300495147705,9726074,0.0,0.0
2024-07-09 00:00:00+00:00,0.3629930019378662,0.42086899280548096,0.36052998900413513,0.4118669927120209,8921289,0.0,0.0
2024-07-10 00:00:00+00:00,0.41198399662971497,0.4215970039367676,0.4058089852333069,0.4099920094013214,9071450,0.0,0.0
2024-07-11 00:00:00+00:00,0.40992599725723267,0.41907399892807007,0.401542991399765,0.4070749878883362,5207695,0.0,0.0
2024-07-12 00:00:00+00:00,0.40710198879241943,0.41549599170684814,0.4014889895915985,0.4111520051956177,10474362,0.0,0.0
2024-07-13 00:00:00+00:00,0.41104400157928467,0.4248239994049072,0.41027700901031494,0.42052099108695984,10089203,0.0,0.0
2024-07-14 00:00:00+00:00,0.4204770028591156,0.43579599261283875,0.4204770028591156,0.43152499198913574,10790706,0.0,0.0
2024-07-15 00:00:00+00:00,0.43167001008987427,0.46096399426460266,0.4309319853782654,0.46096399426460266,11783981,0.0,0.0
2024-07-16 00:00:00+00:00,0.46001699566841125,0.46421900391578674,0.44392499327659607,0.4622200131416321,11111951,0.0,0.0
2024-07-17 00:00:00+00:00,0.46201300621032715,0.46888700127601624,0.4537470042705536,0.45513299107551575,10364716,0.0,0.0
2024-07-18 00:00:00+00:00,0.4551610052585602,0.462117999792099,0.4490619897842407,0.4541980028152466,10433582,0.0,0.0
2024-07-19 00:00:00+00:00,0.45421600341796875,0.4786210060119629,0.4497849941253662,0.47363001108169556,11222085,0.0,0.0
2024-07-20 00:00:00+00:00,0.4736289978027344,0.48008400201797485,0.45750001072883606,0.4767720103263855,10077801,0.0,0.0
2024-07-21 00:00:00+00:00,0.4768030047416687,0.48516198992729187,0.4674839973449707,0.48390600085258484,10674878,0.0,0.0
2024-07-22 00:00:00+00:00,0.48390600085258484,0.48969900608062744,0.4709070026874542,0.479887992143631,11090638,0.0,0.0
2024-07-23 00:00:00+00:00,0.479887992143631,0.48130398988723755,0.46504101157188416,0.46820199489593506,10791232,0.0,0.0
2024-07-24 00:00:00+00:00,0.46820101141929626,0.476188987493515,0.4625369906425476,0.46415600180625916,10697047,0.0,0.0
2024-07-25 00:00:00+00:00,0.46415600180625916,0.4691300094127655,0.4506610035896301,0.46703100204467773,11475947,0.0,0.0
2024-07-26 00:00:00+00:00,0.46703100204467773,0.4845469892024994,0.46671101450920105,0.48204898834228516,10530036,0.0,0.0
2024-07-27 00:00:00+00:00,0.48204898834228516,0.4927999973297119,0.4742850065231323,0.4813460111618042,10716436,0.0,0.0
2024-07-28 00:00:00+00:00,0.4813460111618042,0.484935998916626,0.4761370122432709,0.48461800813674927,10308123,0.0,0.0
2024-07-29 00:00:00+00:00,0.48461800813674927,0.49686700105667114,0.4717409908771515,0.4744400084018707,11288692,0.0,0.0
2024-07-30 00:00:00+00:00,0.4744400084018707,0.47725799679756165,0.4638960063457489,0.469897985458374,10500747,0.0,0.0
2024-07-31 00:00:00+00:00,0.469897985458374,0.4742780029773712,0.4581179916858673,0.45882898569107056,10520588,0.0,0.0
2024-08-01 00:00:00+00:00,0.45882898569107056,0.46551600098609924,0.44191500544548035,0.46403199434280396,11568509,0.0,0.0
2024-08-02 00:00:00+00:00,0.46403199434280396,0.4652929902076721,0.4343940019607544,0.43593600392341614,10678997,0.0,0.0
2024-08-03 00:00:00+00:00,0.43593600392341614,0.4412569999694824,0.42517000436782837,0.4308969974517822,10284079,0.0,0.0
2024-08-04 00:00:00+00:00,0.4308969974517822,0.43354299664497375,0.40718498826026917,0.4126119911670685,10629210,0.0,0.0
2024-08-05 00:00:00+00:00,0.4126119911670685,0.4135670065879822,0.35028600692749023,0.3833889961242676,12848917,0.0,0.0
2024-08-06 00:00:00+00:00,0.3833869993686676,0.4064300060272217,0.3832949995994568,0.39770999550819397,9873365,0.0,0.0
2024-08-07 00:00:00+00:00,0.39770999550819397,0.40969499945640564,0.3875429928302765,0.39068499207496643,10445490,0.0,0.0
2024-08-08 00:00:00+00:00,0.39068499207496643,0.4454819858074188,0.38877201080322266,0.43789801001548767,10967198,0.0,0.0
2024-08-09 00:00:00+00:00,0.43789801001548767,0.4385930001735687,0.4231190085411072,0.43221500515937805,10327681,0.0,0.0
2024-08-10 00:00:00+00:00,0.43221500515937805,0.4364140033721924,0.42795899510383606,0.4326600134372711,9880296,0.0,0.0
2024-08-11 00:00:00+00:00,0.43267199397087097,0.4389539957046509,0.4142110049724579,0.4168959856033325,10951910,0.0,0.0
2024-08-12 00:00:00+00:00,0.4168959856033325,0.4307050108909607,0.4096220135688782,0.4214319884777069,11798770,0.0,0.0
2024-08-13 00:00:00+00:00,0.4214319884777069,0.4371100068092346,0.4150030016899109,0.43046000599861145,10475487,0.0,0.0
2024-08-14 00:00:00+00:00,0.43046000599861145,0.438293993473053,0.41562899947166443,0.41708698868751526,10613846,0.0,0.0
2024-08-15 00:00:00+00:00,0.41708698868751526,0.42491498589515686,0.3997049927711487,0.408596009016037,10880180,0.0,0.0
2024-08-16 00:00:00+00:00,0.408596009016037,0.4249750077724457,0.4055840075016022,0.418164998292923,10887502,0.0,0.0
2024-08-17 00:00:00+00:00,0.418164998292923,0.42390498518943787,0.41765299439430237,0.4221949875354767,9817121,0.0,0.0
2024-08-18 00:00:00+00:00,0.4221949875354767,0.4280569851398468,0.4149340093135834,0.4153810143470764,10611869,0.0,0.0
2024-08-19 00:00:00+00:00,0.4153810143470764,0.42313799262046814,0.41099199652671814,0.4224199950695038,11058335,0.0,0.0
2024-08-20 00:00:00+00:00,0.4224199950695038,0.4375379979610443,0.4163999855518341,0.4189540147781372,11205029,0.0,0.0
2024-08-21 00:00:00+00:00,0.4189540147781372,0.4389989972114563,0.417587012052536,0.43430501222610474,10560155,0.0,0.0
2024-08-22 00:00:00+00:00,0.43430501222610474,0.43604400753974915,0.42494699358940125,0.42866799235343933,10662292,0.0,0.0
2024-08-23 00:00:00+00:00,0.42866799235343933,0.46091899275779724,0.4262329936027527,0.45501700043678284,11200259,0.0,0.0
2024-08-24 00:00:00+00:00,0.4550600051879883,0.45775800943374634,0.4517189860343933,0.4556789994239807,10171671,0.0,0.0
2024-08-25 00:00:00+00:00,0.4556789994239807,0.46163299679756165,0.4532049894332886,0.45688700675964355,10088128,0.0,0.0
2024-08-26 00:00:00+00:00,0.45688700675964355,0.4579319953918457,0.44313400983810425,0.44645699858665466,11214273,0.0,0.0
2024-08-27 00:00:00+00:00,0.44645699858665466,0.4487929940223694,0.4130150079727173,0.42233800888061523,11170476,0.0,0.0
2024-08-28 00:00:00+00:00,0.42233800888061523,0.42761701345443726,0.41096600890159607,0.41906899213790894,10938067,0.0,0.0
2024-08-29 00:00:00+00:00,0.41906899213790894,0.42423900961875916,0.1766359955072403,0.22880099713802338,4370654,0.0,0.0
2024-08-30 00:00:00+00:00,0.22880099713802338,0.22912199795246124,0.19387699663639069,0.1978590041399002,294917,0.0,0.0
2024-08-31 00:00:00+00:00,0.1978590041399002,0.20052899420261383,0.18655699491500854,0.188619002699852,481193,0.0,0.0
2024-09-01 00:00:00+00:00,0.188619002699852,0.18994200229644775,0.17973899841308594,0.18339499831199646,684536,0.0,0.0
2024-09-02 00:00:00+00:00,0.18339499831199646,0.18527700006961823,0.16970600187778473,0.17574100196361542,331227,0.0,0.0
2024-09-03 00:00:00+00:00,0.17574100196361542,0.1888989955186844,0.1504949927330017,0.18169599771499634,238503,0.0,0.0
2024-09-04 00:00:00+00:00,0.18169400095939636,0.18750500679016113,0.13693100214004517,0.18511000275611877,308714,0.0,0.0
2024-09-05 00:00:00+00:00,0.18511000275611877,0.19987300038337708,0.17480799555778503,0.17945200204849243,352067,0.0,0.0
2024-09-06 00:00:00+00:00,0.17945200204849243,0.18442699313163757,0.16773399710655212,0.17118200659751892,235962,0.0,0.0
2024-09-07 00:00:00+00:00,0.17118200659751892,0.17338299751281738,0.1611970067024231,0.16226699948310852,443730,0.0,0.0
2024-09-08 00:00:00+00:00,0.16226699948310852,0.165910005569458,0.16091999411582947,0.1646219938993454,515744,0.0,0.0
2024-09-09 00:00:00+00:00,0.1646219938993454,0.1748639941215515,0.16353799402713776,0.17119799554347992,613502,0.0,0.0
2024-09-10 00:00:00+00:00,0.17119799554347992,0.17403599619865417,0.1679989993572235,0.17291800677776337,516434,0.0,0.0
2024-09-11 00:00:00+00:00,0.17291800677776337,0.17391100525856018,0.16670499742031097,0.17205800116062164,546127,0.0,0.0
2024-09-12 00:00:00+00:00,0.17205800116062164,0.17527100443840027,0.1605670005083084,0.16277599334716797,518187,0.0,0.0
2024-09-13 00:00:00+00:00,0.16277599334716797,0.16989700496196747,0.16147199273109436,0.1696390062570572,542283,0.0,0.0
2024-09-14 00:00:00+00:00,0.1696390062570572,0.16981400549411774,0.1664399951696396,0.16798999905586243,485146,0.0,0.0
2024-09-15 00:00:00+00:00,0.16798999905586243,0.16938599944114685,0.16456300020217896,0.16566599905490875,532033,0.0,0.0
2024-09-16 00:00:00+00:00,0.16566599905490875,0.16569599509239197,0.16057799756526947,0.1628900021314621,584824,0.0,0.0
2024-09-17 00:00:00+00:00,0.1628890037536621,0.17165100574493408,0.14467699825763702,0.16894599795341492,554682,0.0,0.0
2024-09-18 00:00:00+00:00,0.16894599795341492,0.16895300149917603,0.15411099791526794,0.16018100082874298,536699,0.0,0.0
2024-09-19 00:00:00+00:00,0.16018100082874298,0.16601000726222992,0.1452530026435852,0.16362500190734863,530719,0.0,0.0
2024-09-20 00:00:00+00:00,0.16362500190734863,0.1669899970293045,0.16225400567054749,0.1642490029335022,515617,0.0,0.0
2024-09-21 00:00:00+00:00,0.1642490029335022,0.16698899865150452,0.1625320017337799,0.1647849977016449,480232,0.0,0.0
2024-09-22 00:00:00+00:00,0.1647849977016449,0.1662359982728958,0.16225199401378632,0.16544200479984283,541835,0.0,0.0
2024-09-23 00:00:00+00:00,0.16544200479984283,0.1682559996843338,0.1631380021572113,0.16464300453662872,571654,0.0,0.0
2024-09-24 00:00:00+00:00,0.16464300453662872,0.16809099912643433,0.16312700510025024,0.1671299934387207,538393,0.0,0.0
2024-09-25 00:00:00+00:00,0.1671299934387207,0.1683019995689392,0.16310499608516693,0.1644030064344406,424854,0.0,0.0
2024-09-26 00:00:00+00:00,0.1644030064344406,0.16889500617980957,0.16352899372577667,0.16808299720287323,364171,0.0,0.0
2024-09-27 00:00:00+00:00,0.16808299720287323,0.17222200334072113,0.1674170047044754,0.1703920066356659,317913,0.0,0.0
2024-09-28 00:00:00+00:00,0.1703920066356659,0.17212800681591034,0.1556510031223297,0.15805600583553314,421663,0.0,0.0
2024-09-29 00:00:00+00:00,0.15805600583553314,0.15903200209140778,0.1566839963197708,0.15764600038528442,469661,0.0,0.0
2024-09-30 00:00:00+00:00,0.15764600038528442,0.1577560007572174,0.15115800499916077,0.1519400030374527,520397,0.0,0.0
2024-10-01 00:00:00+00:00,0.1519400030374527,0.1539350003004074,0.1394519954919815,0.14612199366092682,416372,0.0,0.0
2024-10-02 00:00:00+00:00,0.14612199366092682,0.14968599379062653,0.14411500096321106,0.14557799696922302,367435,0.0,0.0
2024-10-03 00:00:00+00:00,0.1455720067024231,0.14790600538253784,0.14387600123882294,0.14588700234889984,370575,0.0,0.0
2024-10-04 00:00:00+00:00,0.14588700234889984,0.15021200478076935,0.14520800113677979,0.14888399839401245,358190,0.0,0.0
2024-10-05 00:00:00+00:00,0.14888399839401245,0.1505659967660904,0.14710600674152374,0.1491370052099228,327162,0.0,0.0
2024-10-06 00:00:00+00:00,0.1491370052099228,0.15109099447727203,0.14830900728702545,0.15085500478744507,374260,0.0,0.0
2024-10-07 00:00:00+00:00,0.15085500478744507,0.17027899622917175,0.14945200085639954,0.14960500597953796,544505,0.0,0.0
2024-10-08 00:00:00+00:00,0.14960500597953796,0.1516750007867813,0.14768700301647186,0.14920899271965027,383064,0.0,0.0
2024-10-09 00:00:00+00:00,0.14920899271965027,0.15032899379730225,0.14467200636863708,0.1462790071964264,377893,0.0,0.0
2024-10-10 00:00:00+00:00,0.1462779939174652,0.1481969952583313,0.14118599891662598,0.1444370001554489,387281,0.0,0.0
2024-10-11 00:00:00+00:00,0.1444370001554489,0.15153999626636505,0.14393199980258942,0.14980199933052063,429446,0.0,0.0
2024-10-12 00:00:00+00:00,0.14980199933052063,0.15097899734973907,0.14812399446964264,0.1498129963874817,613137,0.0,0.0
2024-10-13 00:00:00+00:00,0.1498129963874817,0.1509300023317337,0.14734399318695068,0.15026900172233582,791494,0.0,0.0
2024-10-14 00:00:00+00:00,0.15026900172233582,0.15869200229644775,0.1480190008878708,0.15690399706363678,896322,0.0,0.0
2024-10-15 00:00:00+00:00,0.15690399706363678,0.16337500512599945,0.15324699878692627,0.16059599816799164,813590,0.0,0.0
2024-10-16 00:00:00+00:00,0.16059599816799164,0.16353699564933777,0.1581210047006607,0.16153499484062195,782534,0.0,0.0
2024-10-17 00:00:00+00:00,0.16153499484062195,0.163100004196167,0.15827299654483795,0.16111700236797333,795813,0.0,0.0
2024-10-18 00:00:00+00:00,0.16111700236797333,0.16503599286079407,0.16082100570201874,0.16284899413585663,848979,0.0,0.0
2024-10-19 00:00:00+00:00,0.16284899413585663,0.16413100063800812,0.15998399257659912,0.16270899772644043,775750,0.0,0.0
2024-10-20 00:00:00+00:00,0.16270899772644043,0.16571399569511414,0.161422997713089,0.16564899682998657,817130,0.0,0.0
2024-10-21 00:00:00+00:00,0.16564899682998657,0.16718600690364838,0.16035300493240356,0.1615699976682663,904410,0.0,0.0
2024-10-22 00:00:00+00:00,0.1615699976682663,0.16383600234985352,0.15950199961662292,0.16170799732208252,816949,0.0,0.0
2024-10-23 00:00:00+00:00,0.16170799732208252,0.16175000369548798,0.1565130054950714,0.15946899354457855,819687,0.0,0.0
2024-10-24 00:00:00+00:00,0.16005399823188782,0.16564899682998657,0.15862999856472015,0.16355299949645996,817154,0.0,0.0
2024-10-25 00:00:00+00:00,0.16355299949645996,0.16547399759292603,0.15775300562381744,0.15957200527191162,880587,0.0,0.0
2024-10-26 00:00:00+00:00,0.15957200527191162,0.16223399341106415,0.1589130014181137,0.1607999950647354,829516,0.0,0.0
2024-10-27 00:00:00+00:00,0.1607999950647354,0.16545699536800385,0.16040100157260895,0.16315600275993347,858688,0.0,0.0
2024-10-28 00:00:00+00:00,0.16315600275993347,0.16884000599384308,0.16205300390720367,0.16884000599384308,1007158,0.0,0.0
2024-10-29 00:00:00+00:00,0.16884000599384308,0.17692099511623383,0.16642199456691742,0.1743299961090088,948220,0.0,0.0
2024-10-30 00:00:00+00:00,0.1743299961090088,0.17480699717998505,0.1702450066804886,0.17327800393104553,849410,0.0,0.0
2024-10-31 00:00:00+00:00,0.1732739955186844,0.17491300404071808,0.16700999438762665,0.16861000657081604,885852,0.0,0.0
2024-11-01 00:00:00+00:00,0.16861000657081604,0.17165200412273407,0.16498500108718872,0.1667180061340332,916558,0.0,0.0
2024-11-02 00:00:00+00:00,0.1667180061340332,0.16872599720954895,0.16081500053405762,0.16620700061321259,736302,0.0,0.0
2024-11-03 00:00:00+00:00,0.16620700061321259,0.16663600504398346,0.1607850044965744,0.16498999297618866,959145,0.0,0.0
2024-11-04 00:00:00+00:00,0.16498999297618866,0.16688500344753265,0.16034799814224243,0.16265299916267395,937682,0.0,0.0
2024-11-05 00:00:00+00:00,0.16265299916267395,0.16896800696849823,0.16206899285316467,0.16658799350261688,912058,0.0,0.0
2024-11-06 00:00:00+00:00,0.16658799350261688,0.1807830035686493,0.16625699400901794,0.1792529970407486,1014785,0.0,0.0
2024-11-07 00:00:00+00:00,0.1792529970407486,0.17932699620723724,0.17130599915981293,0.1743829995393753,732538,0.0,0.0
2024-11-08 00:00:00+00:00,0.1743829995393753,0.17743000388145447,0.17254500091075897,0.1757269948720932,758663,0.0,0.0
2024-11-09 00:00:00+00:00,0.1757269948720932,0.17646899819374084,0.17292499542236328,0.1761700063943863,735909,0.0,0.0
2024-11-10 00:00:00+00:00,0.1761700063943863,0.18581800162792206,0.17570100724697113,0.1839279979467392,851539,0.0,0.0
2024-11-11 00:00:00+00:00,0.1839279979467392,0.2029159963130951,0.183569997549057,0.20045100152492523,834335,0.0,0.0
2024-11-12 00:00:00+00:00,0.20045100152492523,0.20218400657176971,0.185930997133255,0.19280000030994415,632310,0.0,0.0
2024-11-13 00:00:00+00:00,0.19280000030994415,0.2041029930114746,0.18956300616264343,0.19710999727249146,692511,0.0,0.0
2024-11-14 00:00:00+00:00,0.19710999727249146,0.1984509974718094,0.18874099850654602,0.1897449940443039,752535,0.0,0.0
2024-11-15 00:00:00+00:00,0.1897449940443039,0.19872400164604187,0.18952900171279907,0.19757899641990662,769618,0.0,0.0
2024-11-16 00:00:00+00:00,0.1972460001707077,0.19800999760627747,0.18280799686908722,0.18289299309253693,348906,0.0,0.0
2024-11-17 00:00:00+00:00,0.18289299309253693,0.18455299735069275,0.18084900081157684,0.18223899602890015,208514,0.0,0.0
2024-11-18 00:00:00+00:00,0.18223899602890015,0.1841830015182495,0.17678500711917877,0.18018700182437897,786094,0.0,0.0
2024-11-19 00:00:00+00:00,0.18018700182437897,0.18723900616168976,0.17991900444030762,0.18357999622821808,764681,0.0,0.0
2024-11-20 00:00:00+00:00,0.18357999622821808,0.18981599807739258,0.18234999477863312,0.1863580048084259,771388,0.0,0.0
2024-11-21 00:00:00+00:00,0.1863580048084259,0.19262300431728363,0.18469299376010895,0.18777400255203247,272796,0.0,0.0
2024-11-22 00:00:00+00:00,0.18777400255203247,0.1884869933128357,0.1709430068731308,0.18566100299358368,315064,0.0,0.0
2024-11-23 00:00:00+00:00,0.18566100299358368,0.18570399284362793,0.17339499294757843,0.1749510020017624,734038,0.0,0.0
2024-11-24 00:00:00+00:00,0.1749510020017624,0.17633800208568573,0.16302600502967834,0.16648800671100616,843042,0.0,0.0
2024-11-25 00:00:00+00:00,0.16648800671100616,0.1669510006904602,0.14994500577449799,0.1503099948167801,863064,0.0,0.0
2024-11-26 00:00:00+00:00,0.1503099948167801,0.15613199770450592,0.14672699570655823,0.14848999679088593,831150,0.0,0.0
2024-11-27 00:00:00+00:00,0.14848999679088593,0.15658099949359894,0.14807699620723724,0.15452100336551666,782174,0.0,0.0
2024-11-28 00:00:00+00:00,0.15452100336551666,0.15593299269676208,0.15146900713443756,0.1530269980430603,778045,0.0,0.0
2024-11-29 00:00:00+00:00,0.1530269980430603,0.15789200365543365,0.15268300473690033,0.1559479981660843,795621,0.0,0.0
2024-11-30 00:00:00+00:00,0.1559479981660843,0.15600800514221191,0.15099799633026123,0.15432900190353394,727779,0.0,0.0
2024-12-01 00:00:00+00:00,0.15432900190353394,0.15657900273799896,0.1532759964466095,0.15568099915981293,806782,0.0,0.0
2024-12-02 00:00:00+00:00,0.15568099915981293,0.15705199539661407,0.15128900110721588,0.15312199294567108,898174,0.0,0.0
2024-12-03 00:00:00+00:00,0.15312400460243225,0.1550859957933426,0.14987699687480927,0.15352100133895874,787215,0.0,0.0
2024-12-04 00:00:00+00:00,0.15352100133895874,0.15823900699615479,0.1514279991388321,0.15758800506591797,826030,0.0,0.0
2024-12-05 00:00:00+00:00,0.15758800506591797,0.16246099770069122,0.150968998670578,0.1542920023202896,884717,0.0,0.0
2024-12-06 00:00:00+00:00,0.1553409993648529,0.16329699754714966,0.1544090062379837,0.15985099971294403,719787,0.0,0.0
2024-12-07 00:00:00+00:00,0.15985099971294403,0.16159699857234955,0.15850499272346497,0.15981799364089966,702403,0.0,0.0
2024-12-08 00:00:00+00:00,0.16003400087356567,0.16409499943256378,0.1578730046749115,0.1618870049715042,790941,0.0,0.0
2024-12-09 00:00:00+00:00,0.1618870049715042,0.16300399601459503,0.151418998837471,0.1559789925813675,953977,0.0,0.0
2024-12-10 00:00:00+00:00,0.1559789925813675,0.15756799280643463,0.15097099542617798,0.1546420007944107,798072,0.0,0.0
2024-12-11 00:00:00+00:00,0.1546420007944107,0.1549929976463318,0.1436379998922348,0.15177200734615326,759879,0.0,0.0
2024-12-12 00:00:00+00:00,0.15177200734615326,0.1537950038909912,0.14904600381851196,0.15004700422286987,770093,0.0,0.0
2024-12-13 00:00:00+00:00,0.15004700422286987,0.15257799625396729,0.14885300397872925,0.15200500190258026,770433,0.0,0.0
2024-12-14 00:00:00+00:00,0.15200500190258026,0.15361599624156952,0.1508290022611618,0.1518850028514862,748501,0.0,0.0
2024-12-15 00:00:00+00:00,0.1518850028514862,0.1561869978904724,0.15164299309253693,0.15330299735069275,902568,0.0,0.0
2024-12-16 00:00:00+00:00,0.15330299735069275,0.15711799263954163,0.15157300233840942,0.1548209935426712,969017,0.0,0.0
2024-12-17 00:00:00+00:00,0.1548209935426712,0.15992699563503265,0.15359100699424744,0.15447600185871124,830084,0.0,0.0
2024-12-18 00:00:00+00:00,0.15446899831295013,0.1547050029039383,0.14287500083446503,0.143094003200531,52851,0.0,0.0
2024-12-19 00:00:00+00:00,0.143094003200531,0.14531399309635162,0.13422800600528717,0.13643400371074677,565135,0.0,0.0
2024-12-20 00:00:00+00:00,0.13643400371074677,0.13730299472808838,0.12969200313091278,0.1367720067501068,665332,0.0,0.0
2024-12-21 00:00:00+00:00,0.1367720067501068,0.1394069939851761,0.1351580023765564,0.13597600162029266,787696,0.0,0.0
2024-12-22 00:00:00+00:00,0.13597600162029266,0.13648700714111328,0.1320900022983551,0.13302099704742432,855939,0.0,0.0
2024-12-23 00:00:00+00:00,0.13302099704742432,0.135126993060112,0.12938399612903595,0.13245700299739838,961101,0.0,0.0
2024-12-24 00:00:00+00:00,0.13245700299739838,0.1390800029039383,0.12504500150680542,0.13823799788951874,756771,0.0,0.0
2024-12-25 00:00:00+00:00,0.13823799788951874,0.17425400018692017,0.10114700347185135,0.13908900320529938,798551,0.0,0.0
2024-12-26 00:00:00+00:00,0.13908900320529938,0.18102599680423737,0.0993409976363182,0.14760799705982208,175853,0.0,0.0
2024-12-27 00:00:00+00:00,0.1476069986820221,0.14893600344657898,0.09404700249433517,0.09404700249433517,155350,0.0,0.0
2024-12-28 00:00:00+00:00,0.09403599798679352,0.13426700234413147,0.07638400048017502,0.08565399795770645,505247,0.0,0.0
2024-12-29 00:00:00+00:00,0.08565399795770645,0.08566000312566757,0.07723499834537506,0.0841590017080307,511211,0.0,0.0
2024-12-30 00:00:00+00:00,0.08414600044488907,0.08742699772119522,0.07242800295352936,0.07411699742078781,507077,0.0,0.0
2024-12-31 00:00:00+00:00,0.07413399964570999,0.07686100155115128,0.0709109976887703,0.07474099844694138,559055,0.0,0.0
2025-01-01 00:00:00+00:00,0.07474099844694138,0.07594799995422363,0.07424899935722351,0.07554599642753601,549717,0.0,0.0
2025-01-02 00:00:00+00:00,0.07554200291633606,0.07818099856376648,0.07536499947309494,0.077504001557827,615002,0.0,0.0
2025-01-03 00:00:00+00:00,0.07750900089740753,0.07914300262928009,0.0768200010061264,0.07847899943590164,562537,0.0,0.0
2025-01-04 00:00:00+00:00,0.07847899943590164,0.07901100069284439,0.07621999830007553,0.07858800143003464,553818,0.0,0.0
2025-01-05 00:00:00+00:00,0.07857000082731247,0.07921899855136871,0.07728900015354156,0.07882499694824219,572100,0.0,0.0
2025-01-06 00:00:00+00:00,0.07882499694824219,0.14893800020217896,0.0783580020070076,0.08176500350236893,593899,0.0,0.0
2025-01-07 00:00:00+00:00,0.08178599923849106,0.09496399760246277,0.07473199814558029,0.07755500078201294,576499,0.0,0.0
2025-01-08 00:00:00+00:00,0.07755500078201294,0.07781299948692322,0.07416500151157379,0.07603099942207336,582074,0.0,0.0
2025-01-09 00:00:00+00:00,0.07603800296783447,0.07628200203180313,0.07298299670219421,0.07398100197315216,578975,0.0,0.0
2025-01-10 00:00:00+00:00,0.07400199770927429,0.07662499696016312,0.07388299703598022,0.07582200318574905,570591,0.0,0.0
2025-01-11 00:00:00+00:00,0.07580500096082687,0.07598800212144852,0.07507500052452087,0.07564900070428848,539852,0.0,0.0
2025-01-12 00:00:00+00:00,0.07564900070428848,0.07626800239086151,0.0749569982290268,0.07561299949884415,584102,0.0,0.0
2025-01-13 00:00:00+00:00,0.0756009966135025,0.0766960009932518,0.0715399980545044,0.07562799751758575,649491,0.0,0.0
2025-01-14 00:00:00+00:00,0.07560999691486359,0.0778689980506897,0.0754539966583252,0.07722000032663345,557795,0.0,0.0
2025-01-15 00:00:00+00:00,0.07721800357103348,0.08287999778985977,0.06996399909257889,0.08039499819278717,531941,0.0,0.0
2025-01-16 00:00:00+00:00,0.08040200173854828,0.08079300075769424,0.0778840035200119,0.08002600073814392,570973,0.0,0.0
2025-01-17 00:00:00+00:00,0.08002500236034393,0.083746999502182,0.07249999791383743,0.08333300054073334,206410,0.0,0.0
2025-01-18 00:00:00+00:00,0.08332499861717224,0.08833599835634232,0.08179400116205215,0.0835459977388382,558689,0.0,0.0
2025-01-19 00:00:00+00:00,0.08353900164365768,0.08864499628543854,0.07530199736356735,0.08079899847507477,596049,0.0,0.0
2025-01-20 00:00:00+00:00,0.08082800358533859,0.0817359983921051,0.07072599977254868,0.07087499648332596,85949,0.0,0.0
2025-01-21 00:00:00+00:00,0.07087499648332596,0.07332299649715424,0.07007800042629242,0.07089799642562866,4379,0.0,0.0
2025-01-22 00:00:00+00:00,0.07089799642562866,0.07144699990749359,0.07065899670124054,0.07123100012540817,4316,0.0,0.0
2025-01-23 00:00:00+00:00,0.07123100012540817,0.08544699847698212,0.07067599892616272,0.08324699848890305,564539,0.0,0.0
2025-01-24 00:00:00+00:00,0.08315999805927277,0.08898799866437912,0.08220700174570084,0.08386000245809555,546158,0.0,0.0
2025-01-25 00:00:00+00:00,0.08384600281715393,0.0842289999127388,0.08327800035476685,0.08376199752092361,543872,0.0,0.0
2025-01-26 00:00:00+00:00,0.0837789997458458,0.08438500016927719,0.08200500160455704,0.08212500065565109,569533,0.0,0.0
2025-01-27 00:00:00+00:00,0.08216100186109543,0.08258199691772461,0.07822199910879135,0.08172199875116348,663794,0.0,0.0
2025-01-28 00:00:00+00:00,0.08169099688529968,0.08301600068807602,0.08018200099468231,0.0810680016875267,546826,0.0,0.0
2025-01-29 00:00:00+00:00,0.0810680016875267,0.08383200317621231,0.07506199926137924,0.08297500014305115,574263,0.0,0.0
2025-01-30 00:00:00+00:00,0.08298599720001221,0.08514100313186646,0.08268699795007706,0.08380000293254852,567327,0.0,0.0
2025-01-31 00:00:00+00:00,0.08377599716186523,0.08812599629163742,0.08123599737882614,0.08192399889230728,581900,0.0,0.0
2025-02-01 00:00:00+00:00,0.0819230005145073,0.08222100138664246,0.08023600280284882,0.0805329978466034,552286,0.0,0.0
2025-02-02 00:00:00+00:00,0.08052899688482285,0.08115500211715698,0.07693199813365936,0.07816500216722488,635077,0.0,0.0
2025-02-03 00:00:00+00:00,0.07816500216722488,0.08204200118780136,0.07315900176763535,0.08112099766731262,620528,0.0,0.0
2025-02-04 00:00:00+00:00,0.08112099766731262,0.08140599727630615,0.07696399837732315,0.07828900218009949,552557,0.0,0.0
2025-02-05 00:00:00+00:00,0.07828900218009949,0.07924100011587143,0.07692000269889832,0.07726699858903885,562178,0.0,0.0
2025-02-06 00:00:00+00:00,0.07726699858903885,0.07933700084686279,0.0700170025229454,0.07728700339794159,523785,0.0,0.0
2025-02-07 00:00:00+00:00,0.07728700339794159,0.07756800204515457,0.07001800090074539,0.07723599672317505,128658,0.0,0.0
2025-02-08 00:00:00+00:00,0.07723599672317505,0.07753299921751022,0.07012800127267838,0.0771929994225502,486056,0.0,0.0
2025-02-09 00:00:00+00:00,0.0771929994225502,0.07786300033330917,0.07120099663734436,0.07722300291061401,586195,0.0,0.0
2025-02-10 00:00:00+00:00,0.07722300291061401,0.07866699993610382,0.07626400142908096,0.07795400172472,599619,0.0,0.0
2025-02-11 00:00:00+00:00,0.07795400172472,0.07881300151348114,0.07590100169181824,0.07660099864006042,573434,0.0,0.0
2025-02-12 00:00:00+00:00,0.07660099864006042,0.07854200154542923,0.0752670019865036,0.07831799983978271,588696,0.0,0.0
2025-02-13 00:00:00+00:00,0.0783189982175827,0.07847800105810165,0.07620900124311447,0.07729600369930267,559946,0.0,0.0
2025-02-14 00:00:00+00:00,0.0773169994354248,0.07907400280237198,0.07001999765634537,0.07802599668502808,258623,0.0,0.0
2025-02-15 00:00:00+00:00,0.07801800221204758,0.07839599996805191,0.0778139978647232,0.07807199656963348,547260,0.0,0.0
2025-02-16 00:00:00+00:00,0.07807300239801407,0.07818300276994705,0.07685399800539017,0.07695099711418152,576215,0.0,0.0
2025-02-17 00:00:00+00:00,0.076944999396801,0.07761000096797943,0.07616399973630905,0.07662100344896317,608387,0.0,0.0
2025-02-18 00:00:00+00:00,0.07662399858236313,0.0773719996213913,0.07003899663686752,0.07643699645996094,595386,0.0,0.0
2025-02-19 00:00:00+00:00,0.07643699645996094,0.07747399806976318,0.07601200044155121,0.07732599973678589,563446,0.0,0.0
2025-02-20 00:00:00+00:00,0.07732599973678589,0.1201770007610321,0.07619000226259232,0.0999709963798523,400959,0.0,0.0
2025-02-21 00:00:00+00:00,0.0999709963798523,0.13605600595474243,0.07083000242710114,0.07688900083303452,470022,0.0,0.0
2025-02-22 00:00:00+00:00,0.07688900083303452,0.07754699885845184,0.07376299798488617,0.07726400345563889,546185,0.0,0.0
2025-02-23 00:00:00+00:00,0.07726400345563889,0.0773480013012886,0.07320199906826019,0.07705999910831451,575804,0.0,0.0
2025-02-24 00:00:00+00:00,0.07701200246810913,0.07720199972391129,0.07307799905538559,0.07315099984407425,628001,0.0,0.0
2025-02-25 00:00:00+00:00,0.07315099984407425,0.07401099801063538,0.06881699711084366,0.07090599834918976,628155,0.0,0.0
2025-02-26 00:00:00+00:00,0.07091400027275085,0.07141900062561035,0.06575299799442291,0.06710399687290192,561767,0.0,0.0
2025-02-27 00:00:00+00:00,0.06710299849510193,0.06957600265741348,0.06201399862766266,0.06778600066900253,567681,0.0,0.0
2025-02-28 00:00:00+00:00,0.06775899976491928,0.06800399720668793,0.06254599988460541,0.06750000268220901,615062,0.0,0.0
2025-03-01 00:00:00+00:00,0.06750799715518951,0.06921499967575073,0.06702399998903275,0.06883999705314636,540512,0.0,0.0
2025-03-02 00:00:00+00:00,0.06883399933576584,0.07608400285243988,0.06803900003433228,0.07542199641466141,588242,0.0,0.0
2025-03-03 00:00:00+00:00,0.07542199641466141,0.07553999871015549,0.06811299920082092,0.0688679963350296,581489,0.0,0.0
2025-03-04 00:00:00+00:00,0.0688679963350296,0.07112199813127518,0.06527899950742722,0.06978599727153778,573904,0.0,0.0
2025-03-05 00:00:00+00:00,0.06978599727153778,0.07279299944639206,0.06912499666213989,0.07246500253677368,562160,0.0,0.0
2025-03-06 00:00:00+00:00,0.07246500253677368,0.0742499977350235,0.07027900218963623,0.0719359964132309,573403,0.0,0.0
2025-03-07 00:00:00+00:00,0.0719359964132309,0.08344600349664688,0.06780800223350525,0.08304499834775925,289261,0.0,0.0
2025-03-08 00:00:00+00:00,0.08304499834775925,0.08307699859142303,0.07112699747085571,0.07112699747085571,4109,0.0,0.0
2025-03-09 00:00:00+00:00,0.07112699747085571,0.07113999873399734,0.062456000596284866,0.06449799984693527,494681,0.0,0.0
2025-03-10 00:00:00+00:00,0.06449799984693527,0.06715100258588791,0.06199600175023079,0.0629350021481514,609577,0.0,0.0
2025-03-11 00:00:00+00:00,0.0629659965634346,0.06685200333595276,0.061416998505592346,0.06632699817419052,578627,0.0,0.0
2025-03-12 00:00:00+00:00,0.06632699817419052,0.0676179975271225,0.06457000225782394,0.0669969990849495,559427,0.0,0.0
2025-03-13 00:00:00+00:00,0.0669969990849495,0.06747400015592575,0.060061000287532806,0.06489100307226181,574391,0.0,0.0
2025-03-14 00:00:00+00:00,0.06489100307226181,0.06823600083589554,0.06470099836587906,0.06720700114965439,571560,0.0,0.0
2025-03-15 00:00:00+00:00,0.06720700114965439,0.06776300072669983,0.0669339969754219,0.06747999787330627,549641,0.0,0.0
2025-03-16 00:00:00+00:00,0.06747999787330627,0.06806399673223495,0.06563399732112885,0.06609299778938293,593118,0.0,0.0
2025-03-17 00:00:00+00:00,0.06609299778938293,0.0678199976682663,0.06604699790477753,0.06728799641132355,579616,0.0,0.0
2025-03-18 00:00:00+00:00,0.06728799641132355,0.06728799641132355,0.06496000289916992,0.06620600074529648,578165,0.0,0.0
2025-03-19 00:00:00+00:00,0.06620600074529648,0.06963200122117996,0.06608500331640244,0.06951899826526642,596695,0.0,0.0
2025-03-20 00:00:00+00:00,0.06951899826526642,0.06995099782943726,0.06694299727678299,0.0673459991812706,566418,0.0,0.0
2025-03-21 00:00:00+00:00,0.06735099852085114,0.06785500049591064,0.06658899784088135,0.06726600229740143,553773,0.0,0.0
2025-03-22 00:00:00+00:00,0.06726600229740143,0.06791400164365768,0.06723900139331818,0.06791199743747711,30892,0.0,0.0
2025-03-23 00:00:00+00:00,0.06791199743747711,0.07740099728107452,0.06791099905967712,0.07740099728107452,558960,0.0,0.0
2025-03-24 00:00:00+00:00,0.07740099728107452,0.0798410028219223,0.07693099975585938,0.07867400348186493,646627,0.0,0.0
2025-03-25 00:00:00+00:00,0.07867400348186493,0.07963299751281738,0.07439099997282028,0.07863999903202057,569981,0.0,0.0
2025-03-26 00:00:00+00:00,0.07863999903202057,0.08401799947023392,0.07838600128889084,0.08323000371456146,71245,0.0,0.0
2025-03-27 00:00:00+00:00,0.08323000371456146,0.08323699980974197,0.07112699747085571,0.07112699747085571,4109,0.0,0.0
2025-03-28 00:00:00+00:00,0.07112699747085571,0.07112699747085571,0.07112699747085571,0.07112699747085571,4108,0.0,0.0
2025-03-29 00:00:00+00:00,0.07112699747085571,0.07112699747085571,0.07112699747085571,0.07112699747085571,4108,0.0,0.0
2025-03-30 00:00:00+00:00,0.07112699747085571,0.07175999879837036,0.07112699747085571,0.07169099897146225,4254,0.0,0.0
2025-03-31 00:00:00+00:00,0.07169099897146225,0.07169400155544281,0.07112699747085571,0.07112699747085571,4109,0.0,0.0
2025-04-01 00:00:00+00:00,0.07112699747085571,0.07112699747085571,0.07112699747085571,0.07112699747085571,4110,0.0,0.0
2025-04-02 00:00:00+00:00,0.07112699747085571,0.07112699747085571,0.07112699747085571,0.07112699747085571,4109,0.0,0.0
2025-04-03 00:00:00+00:00,0.07112699747085571,0.07112699747085571,0.07112699747085571,0.07112699747085571,4108,0.0,0.0
2025-04-04 00:00:00+00:00,0.07112699747085571,0.07112699747085571,0.07112699747085571,0.07112699747085571,4108,0.0,0.0
2025-04-05 00:00:00+00:00,0.07112699747085571,0.07112699747085571,0.07112699747085571,0.07112699747085571,4108,0.0,0.0
2025-04-06 00:00:00+00:00,0.07112699747085571,0.07128100097179413,0.07112699747085571,0.07128100097179413,4137,0.0,0.0
2025-04-07 00:00:00+00:00,0.07128100097179413,0.07128100097179413,0.07112699747085571,0.07112699747085571,4109,0.0,0.0
2025-04-08 00:00:00+00:00,0.07112699747085571,0.07112699747085571,0.07112699747085571,0.07112699747085571,4107,0.0,0.0
2025-04-09 00:00:00+00:00,0.07112699747085571,0.07128400355577469,0.07112699747085571,0.07128400355577469,4139,0.0,0.0
2025-04-10 00:00:00+00:00,0.07128400355577469,0.10186900198459625,0.07128400355577469,0.10177300125360489,82,0.0,0.0
2025-04-11 00:00:00+00:00,0.10177300125360489,0.10185600072145462,0.09991800040006638,0.09994299709796906,35,0.0,0.0
2025-04-12 00:00:00+00:00,0.09994299709796906,0.10001199692487717,0.0999080017209053,0.0999779999256134,0,0.0,0.0
2025-04-13 00:00:00+00:00,0.0999779999256134,0.10002999752759933,0.09991800040006638,0.09996400028467178,0,0.0,0.0
2025-04-14 00:00:00+00:00,0.09996400028467178,0.10002599656581879,0.09992100298404694,0.09997700154781342,0,0.0,0.0
2025-04-15 00:00:00+00:00,0.09997700154781342,0.10002099722623825,0.09992799907922745,0.09997899830341339,0,0.0,0.0
2025-04-16 00:00:00+00:00,0.09997899830341339,0.10006500035524368,0.09994500130414963,0.09999199956655502,0,0.0,0.0
2025-04-17 00:00:00+00:00,0.09999199956655502,0.10002800077199936,0.09991399943828583,0.09999799728393555,127,0.0,0.0
2025-04-18 00:00:00+00:00,0.09999799728393555,0.10001499950885773,0.09992100298404694,0.09998100250959396,0,0.0,0.0
2025-04-19 00:00:00+00:00,0.09998100250959396,0.1000090017914772,0.09991499781608582,0.09998799860477448,0,0.0,0.0
2025-04-20 00:00:00+00:00,0.09998799860477448,0.10002200305461884,0.09992200136184692,0.09997700154781342,0,0.0,0.0
2025-04-21 00:00:00+00:00,0.09997700154781342,0.10005799680948257,0.09985999763011932,0.09999699890613556,0,0.0,0.0
2025-04-22 00:00:00+00:00,0.099993996322155,0.100102998316288,0.09991800040006638,0.10003700107336044,0,0.0,0.0
2025-04-23 00:00:00+00:00,0.10003700107336044,0.1000640019774437,0.09993299841880798,0.10002899914979935,0,0.0,0.0
2025-04-24 00:00:00+00:00,0.10002899914979935,0.10006900131702423,0.08999799937009811,0.09003899991512299,22,0.0,0.0
2025-04-25 00:00:00+00:00,0.09003899991512299,0.0900920033454895,0.08998800069093704,0.09004099667072296,10,0.0,0.0
2025-04-26 00:00:00+00:00,0.09004899859428406,0.09008800238370895,0.09001000225543976,0.09003599733114243,0,0.0,0.0
2025-04-27 00:00:00+00:00,0.09003599733114243,0.09009999781847,0.09000500291585922,0.09002500027418137,0,0.0,0.0
2025-04-28 00:00:00+00:00,0.0900299996137619,0.09009499847888947,0.08999300003051758,0.09004499763250351,0,0.0,0.0
2025-04-29 00:00:00+00:00,0.09004499763250351,0.0900849997997284,0.0899989977478981,0.09002699702978134,0,0.0,0.0
2025-04-30 00:00:00+00:00,0.09002699702978134,0.09011299908161163,0.08998200297355652,0.09001299738883972,0,0.0,0.0
2025-05-01 00:00:00+00:00,0.09001299738883972,0.09007400274276733,0.0899910032749176,0.09001299738883972,0,0.0,0.0
2025-05-02 00:00:00+00:00,0.09002300351858139,0.09003300219774246,0.08429399877786636,0.08433199673891068,157,0.0,0.0
2025-05-03 00:00:00+00:00,0.08433199673891068,0.08438300341367722,0.08430500328540802,0.0843219980597496,0,0.0,0.0
2025-05-04 00:00:00+00:00,0.0843219980597496,0.09109900146722794,0.08428899943828583,0.09099800139665604,46,0.0,0.0
2025-05-05 00:00:00+00:00,0.09099800139665604,0.0911019966006279,0.09097699820995331,0.09099200367927551,0,0.0,0.0
2025-05-06 00:00:00+00:00,0.09099200367927551,0.09108799695968628,0.09096399694681168,0.09101200103759766,0,0.0,0.0
2025-05-07 00:00:00+00:00,0.09101200103759766,0.09107500314712524,0.09097299724817276,0.09101700037717819,0,0.0,0.0
2025-05-08 00:00:00+00:00,0.09101700037717819,0.09113399684429169,0.09095200151205063,0.09100200235843658,49,0.0,0.0
2025-05-09 00:00:00+00:00,0.09100200235843658,0.10008300095796585,0.09097699820995331,0.1000019982457161,25,0.0,0.0
2025-05-10 00:00:00+00:00,0.1000019982457161,0.10003200173377991,0.09993799775838852,0.09998799860477448,0,0.0,0.0
2025-05-11 00:00:00+00:00,0.09998799860477448,0.1000479981303215,0.09995000064373016,0.10001000016927719,0,0.0,0.0
2025-05-12 00:00:00+00:00,0.10001000016927719,0.10007599741220474,0.09992499649524689,0.10001800209283829,0,0.0,0.0
2025-05-13 00:00:00+00:00,0.10001800209283829,0.10008399933576584,0.09996599704027176,0.1000170037150383,0,0.0,0.0
2025-05-14 00:00:00+00:00,0.1000170037150383,0.10005500167608261,0.0999549999833107,0.10002300143241882,0,0.0,0.0
2025-05-15 00:00:00+00:00,0.10002300143241882,0.1000560000538826,0.09008300304412842,0.09010100364685059,41,0.0,0.0
2025-05-16 00:00:00+00:00,0.09010600298643112,0.09102600067853928,0.07368700206279755,0.0752210021018982,653,0.0,0.0
2025-05-17 00:00:00+00:00,0.0752210021018982,0.1400430053472519,0.031004000455141068,0.05881600081920624,2675,0.0,0.0
2025-05-18 00:00:00+00:00,0.05881600081920624,0.10102199763059616,0.03399600088596344,0.09595099836587906,1465,0.0,0.0
2025-05-19 00:00:00+00:00,0.09595099836587906,0.099031001329422,0.09186899662017822,0.09314499795436859,152,0.0,0.0
2025-05-20 00:00:00+00:00,0.09314499795436859,0.09314899891614914,0.03999299928545952,0.04000600054860115,0,0.0,0.0
2025-05-21 00:00:00+00:00,0.04000600054860115,0.04000600054860115,0.04000600054860115,0.04000600054860115,0,0.0,0.0
2025-05-22 00:00:00+00:00,0.04000600054860115,0.04000600054860115,0.04000600054860115,0.04000600054860115,0,0.0,0.0
2025-05-23 00:00:00+00:00,0.04000600054860115,0.04000600054860115,0.04000600054860115,0.04000600054860115,0,0.0,0.0
2025-05-24 00:00:00+00:00,0.04000600054860115,0.04000600054860115,0.04000600054860115,0.04000600054860115,0,0.0,0.0
2025-05-25 00:00:00+00:00,0.04000600054860115,0.04000600054860115,0.04000600054860115,0.04000600054860115,0,0.0,0.0
2025-05-26 00:00:00+00:00,0.04000600054860115,0.36190199851989746,0.04000600054860115,0.34219101071357727,0,0.0,0.0
2025-05-27 00:00:00+00:00,0.344651997089386,0.430512011051178,0.19659100472927094,0.2357950061559677,0,0.0,0.0
2025-05-28 00:00:00+00:00,0.2357950061559677,0.25749701261520386,0.20217500627040863,0.2126069962978363,0,0.0,0.0
2025-05-29 00:00:00+00:00,0.2126069962978363,0.218517005443573,0.19628900289535522,0.1966869980096817,0,0.0,0.0
2025-05-30 00:00:00+00:00,0.1966869980096817,0.21535499393939972,0.18333800137043,0.18846899271011353,0,0.0,0.0
2025-05-31 00:00:00+00:00,0.18846899271011353,0.21370099484920502,0.17117999494075775,0.17722800374031067,0,0.0,0.0
2025-06-01 00:00:00+00:00,0.17722849547863007,0.1842913031578064,0.1649489551782608,0.17594555020332336,607,0.0,0.0
